"DateTime","Players","Average Players"
"2018-10-14 00:00:00",2672,
"2018-10-15 00:00:00",3194,
"2018-10-16 00:00:00",2564,
"2018-10-17 00:00:00",2120,
"2018-10-18 00:00:00",2701,
"2018-10-19 00:00:00",2666,
"2018-10-20 00:00:00",3250,
"2018-10-21 00:00:00",3727,
"2018-10-22 00:00:00",3261,
"2018-10-23 00:00:00",2921,
"2018-10-24 00:00:00",2713,
"2018-10-25 00:00:00",2466,
"2018-10-26 00:00:00",2490,
"2018-10-27 00:00:00",2756,
"2018-10-28 00:00:00",2752,
"2018-10-29 00:00:00",2101,
"2018-10-30 00:00:00",1867,
"2018-10-31 00:00:00",1937,
"2018-11-01 00:00:00",1818,
"2018-11-02 00:00:00",1796,
"2018-11-03 00:00:00",2050,
"2018-11-04 00:00:00",1797,
"2018-11-05 00:00:00",1540,
"2018-11-06 00:00:00",1349,
"2018-11-07 00:00:00",1190,
"2018-11-08 00:00:00",1127,
"2018-11-09 00:00:00",1104,
"2018-11-10 00:00:00",1358,
"2018-11-11 00:00:00",1338,
"2018-11-12 00:00:00",1009,
"2018-11-13 00:00:00",958,
"2018-11-14 00:00:00",870,
"2018-11-15 00:00:00",793,
"2018-11-16 00:00:00",819,
"2018-11-17 00:00:00",1079,
"2018-11-18 00:00:00",1105,
"2018-11-19 00:00:00",818,
"2018-11-20 00:00:00",776,
"2018-11-21 00:00:00",880,
"2018-11-22 00:00:00",857,
"2018-11-23 00:00:00",929,
"2018-11-24 00:00:00",1257,
"2018-11-25 00:00:00",1229,
"2018-11-26 00:00:00",915,
"2018-11-27 00:00:00",840,
"2018-11-28 00:00:00",749,
"2018-11-29 00:00:00",722,
"2018-11-30 00:00:00",732,
"2018-12-01 00:00:00",918,
"2018-12-02 00:00:00",900,
"2018-12-03 00:00:00",643,
"2018-12-04 00:00:00",613,
"2018-12-05 00:00:00",611,
"2018-12-06 00:00:00",546,
"2018-12-07 00:00:00",575,
"2018-12-08 00:00:00",705,
"2018-12-09 00:00:00",699,
"2018-12-10 00:00:00",514,
"2018-12-11 00:00:00",490,
"2018-12-12 00:00:00",455,
"2018-12-13 00:00:00",450,
"2018-12-14 00:00:00",495,
"2018-12-15 00:00:00",572,
"2018-12-16 00:00:00",563,
"2018-12-17 00:00:00",413,
"2018-12-18 00:00:00",420,
"2018-12-19 00:00:00",397,
"2018-12-20 00:00:00",386,
"2018-12-21 00:00:00",381,
"2018-12-22 00:00:00",444,
"2018-12-23 00:00:00",440,
"2018-12-24 00:00:00",390,
"2018-12-25 00:00:00",354,
"2018-12-26 00:00:00",404,
"2018-12-27 00:00:00",368,
"2018-12-28 00:00:00",389,
"2018-12-29 00:00:00",424,
"2018-12-30 00:00:00",444,
"2018-12-31 00:00:00",419,
"2019-01-01 00:00:00",425,
"2019-01-02 00:00:00",376,
"2019-01-03 00:00:00",353,
"2019-01-04 00:00:00",396,
"2019-01-05 00:00:00",429,
"2019-01-06 00:00:00",407,
"2019-01-07 00:00:00",413,
"2019-01-08 00:00:00",357,
"2019-01-09 00:00:00",364,
"2019-01-10 00:00:00",356,
"2019-01-11 00:00:00",359,
"2019-01-12 00:00:00",450,
"2019-01-13 00:00:00",482,
"2019-01-14 00:00:00",380,
"2019-01-15 00:00:00",371,
"2019-01-16 00:00:00",354,
"2019-01-17 00:00:00",326,
"2019-01-18 00:00:00",317,
"2019-01-19 00:00:00",453,
"2019-01-20 00:00:00",442,
"2019-01-21 00:00:00",399,
"2019-01-22 00:00:00",329,
"2019-01-23 00:00:00",342,
"2019-01-24 00:00:00",303,
"2019-01-25 00:00:00",319,
"2019-01-26 00:00:00",366,
"2019-01-27 00:00:00",379,
"2019-01-28 00:00:00",329,
"2019-01-29 00:00:00",301,
"2019-01-30 00:00:00",328,
"2019-01-31 00:00:00",290,
"2019-02-01 00:00:00",410,
"2019-02-02 00:00:00",533,
"2019-02-03 00:00:00",516,
"2019-02-04 00:00:00",395,
"2019-02-05 00:00:00",325,
"2019-02-06 00:00:00",320,
"2019-02-07 00:00:00",291,
"2019-02-08 00:00:00",296,
"2019-02-09 00:00:00",351,
"2019-02-10 00:00:00",341,
"2019-02-11 00:00:00",296,
"2019-02-12 00:00:00",242,
"2019-02-13 00:00:00",216,
"2019-02-14 00:00:00",225,
"2019-02-15 00:00:00",236,
"2019-02-16 00:00:00",292,
"2019-02-17 00:00:00",295,
"2019-02-18 00:00:00",212,
"2019-02-19 00:00:00",184,
"2019-02-20 00:00:00",208,
"2019-02-21 00:00:00",191,
"2019-02-22 00:00:00",209,
"2019-02-23 00:00:00",253,
"2019-02-24 00:00:00",281,
"2019-02-25 00:00:00",197,
"2019-02-26 00:00:00",205,
"2019-02-27 00:00:00",194,
"2019-02-28 00:00:00",230,
"2019-03-01 00:00:00",92,
"2019-03-02 00:00:00",83,
"2019-03-03 00:00:00",108,
"2019-03-04 00:00:00",66,
"2019-03-05 00:00:00",54,
"2019-03-06 00:00:00",56,
"2019-03-07 00:00:00",58,
"2019-03-08 00:00:00",118,
"2019-03-09 00:00:00",241,
"2019-03-10 00:00:00",258,
"2019-03-11 00:00:00",224,
"2019-03-12 00:00:00",228,
"2019-03-13 00:00:00",198,
"2019-03-14 00:00:00",218,
"2019-03-15 00:00:00",221,
"2019-03-16 00:00:00",280,
"2019-03-17 00:00:00",289,
"2019-03-18 00:00:00",216,
"2019-03-19 00:00:00",187,
"2019-03-20 00:00:00",206,
"2019-03-21 00:00:00",213,
"2019-03-22 00:00:00",200,
"2019-03-23 00:00:00",253,
"2019-03-24 00:00:00",206,
"2019-03-25 00:00:00",196,
"2019-03-26 00:00:00",179,
"2019-03-27 00:00:00",168,
"2019-03-28 00:00:00",179,
"2019-03-29 00:00:00",197,
"2019-03-30 00:00:00",241,
"2019-03-31 00:00:00",250,
"2019-04-01 00:00:00",202,
"2019-04-02 00:00:00",203,
"2019-04-03 00:00:00",221,
"2019-04-04 00:00:00",195,
"2019-04-05 00:00:00",201,
"2019-04-06 00:00:00",222,
"2019-04-07 00:00:00",172,
"2019-04-08 00:00:00",152,
"2019-04-09 00:00:00",183,
"2019-04-10 00:00:00",173,
"2019-04-11 00:00:00",175,
"2019-04-12 00:00:00",186,
"2019-04-13 00:00:00",213,
"2019-04-14 00:00:00",235,
"2019-04-15 00:00:00",190,
"2019-04-16 00:00:00",178,
"2019-04-17 00:00:00",194,
"2019-04-18 00:00:00",168,
"2019-04-19 00:00:00",204,
"2019-04-20 00:00:00",202,
"2019-04-21 00:00:00",220,
"2019-04-22 00:00:00",206,
"2019-04-23 00:00:00",203,
"2019-04-24 00:00:00",190,
"2019-04-25 00:00:00",177,
"2019-04-26 00:00:00",177,
"2019-04-27 00:00:00",216,
"2019-04-28 00:00:00",155,
"2019-04-29 00:00:00",148,
"2019-04-30 00:00:00",173,
"2019-05-01 00:00:00",205,
"2019-05-02 00:00:00",163,
"2019-05-03 00:00:00",172,
"2019-05-04 00:00:00",229,
"2019-05-05 00:00:00",210,
"2019-05-06 00:00:00",162,
"2019-05-07 00:00:00",175,
"2019-05-08 00:00:00",180,
"2019-05-09 00:00:00",180,
"2019-05-10 00:00:00",181,
"2019-05-11 00:00:00",232,
"2019-05-12 00:00:00",227,
"2019-05-13 00:00:00",169,
"2019-05-14 00:00:00",183,
"2019-05-15 00:00:00",164,
"2019-05-16 00:00:00",164,
"2019-05-17 00:00:00",161,
"2019-05-18 00:00:00",194,
"2019-05-19 00:00:00",202,
"2019-05-20 00:00:00",155,
"2019-05-21 00:00:00",180,
"2019-05-22 00:00:00",151,
"2019-05-23 00:00:00",168,
"2019-05-24 00:00:00",164,
"2019-05-25 00:00:00",200,
"2019-05-26 00:00:00",209,
"2019-05-27 00:00:00",207,
"2019-05-28 00:00:00",187,
"2019-05-29 00:00:00",190,
"2019-05-30 00:00:00",157,
"2019-05-31 00:00:00",175,
"2019-06-01 00:00:00",195,
"2019-06-02 00:00:00",227,
"2019-06-03 00:00:00",184,
"2019-06-04 00:00:00",186,
"2019-06-05 00:00:00",160,
"2019-06-06 00:00:00",176,
"2019-06-07 00:00:00",183,
"2019-06-08 00:00:00",206,
"2019-06-09 00:00:00",228,
"2019-06-10 00:00:00",206,
"2019-06-11 00:00:00",164,
"2019-06-12 00:00:00",157,
"2019-06-13 00:00:00",148,
"2019-06-14 00:00:00",147,
"2019-06-15 00:00:00",183,
"2019-06-16 00:00:00",211,
"2019-06-17 00:00:00",158,
"2019-06-18 00:00:00",162,
"2019-06-19 00:00:00",155,
"2019-06-20 00:00:00",167,
"2019-06-21 00:00:00",172,
"2019-06-22 00:00:00",192,
"2019-06-23 00:00:00",212,
"2019-06-24 00:00:00",187,
"2019-06-25 00:00:00",168,
"2019-06-26 00:00:00",168,
"2019-06-27 00:00:00",160,
"2019-06-28 00:00:00",169,
"2019-06-29 00:00:00",178,
"2019-06-30 00:00:00",176,
"2019-07-01 00:00:00",177,
"2019-07-02 00:00:00",155,
"2019-07-03 00:00:00",155,
"2019-07-04 00:00:00",159,
"2019-07-05 00:00:00",150,
"2019-07-06 00:00:00",185,
"2019-07-07 00:00:00",194,
"2019-07-08 00:00:00",176,
"2019-07-09 00:00:00",169,
"2019-07-10 00:00:00",151,
"2019-07-11 00:00:00",157,
"2019-07-12 00:00:00",175,
"2019-07-13 00:00:00",178,
"2019-07-14 00:00:00",188,
"2019-07-15 00:00:00",169,
"2019-07-16 00:00:00",165,
"2019-07-17 00:00:00",163,
"2019-07-18 00:00:00",176,
"2019-07-19 00:00:00",196,
"2019-07-20 00:00:00",238,
"2019-07-21 00:00:00",246,
"2019-07-22 00:00:00",217,
"2019-07-23 00:00:00",192,
"2019-07-24 00:00:00",179,
"2019-07-25 00:00:00",165,
"2019-07-26 00:00:00",167,
"2019-07-27 00:00:00",205,
"2019-07-28 00:00:00",209,
"2019-07-29 00:00:00",188,
"2019-07-30 00:00:00",175,
"2019-07-31 00:00:00",176,
"2019-08-01 00:00:00",160,
"2019-08-02 00:00:00",167,
"2019-08-03 00:00:00",191,
"2019-08-04 00:00:00",207,
"2019-08-05 00:00:00",179,
"2019-08-06 00:00:00",170,
"2019-08-07 00:00:00",146,
"2019-08-08 00:00:00",149,
"2019-08-09 00:00:00",160,
"2019-08-10 00:00:00",183,
"2019-08-11 00:00:00",189,
"2019-08-12 00:00:00",178,
"2019-08-13 00:00:00",175,
"2019-08-14 00:00:00",148,
"2019-08-15 00:00:00",155,
"2019-08-16 00:00:00",164,
"2019-08-17 00:00:00",177,
"2019-08-18 00:00:00",196,
"2019-08-19 00:00:00",153,
"2019-08-20 00:00:00",150,
"2019-08-21 00:00:00",146,
"2019-08-22 00:00:00",156,
"2019-08-23 00:00:00",156,
"2019-08-24 00:00:00",184,
"2019-08-25 00:00:00",200,
"2019-08-26 00:00:00",160,
"2019-08-27 00:00:00",157,
"2019-08-28 00:00:00",150,
"2019-08-29 00:00:00",147,
"2019-08-30 00:00:00",162,
"2019-08-31 00:00:00",183,
"2019-09-01 00:00:00",192,
"2019-09-02 00:00:00",190,
"2019-09-03 00:00:00",157,
"2019-09-04 00:00:00",139,
"2019-09-05 00:00:00",149,
"2019-09-06 00:00:00",133,
"2019-09-07 00:00:00",201,
"2019-09-08 00:00:00",208,
"2019-09-09 00:00:00",146,
"2019-09-10 00:00:00",139,
"2019-09-11 00:00:00",132,
"2019-09-12 00:00:00",136,
"2019-09-13 00:00:00",165,
"2019-09-14 00:00:00",167,
"2019-09-15 00:00:00",180,
"2019-09-16 00:00:00",136,
"2019-09-17 00:00:00",140,
"2019-09-18 00:00:00",140,
"2019-09-19 00:00:00",163,
"2019-09-20 00:00:00",195,
"2019-09-21 00:00:00",218,
"2019-09-22 00:00:00",255,
"2019-09-23 00:00:00",196,
"2019-09-24 00:00:00",202,
"2019-09-25 00:00:00",206,
"2019-09-26 00:00:00",204,
"2019-09-27 00:00:00",210,
"2019-09-28 00:00:00",248,
"2019-09-29 00:00:00",295,
"2019-09-30 00:00:00",224,
"2019-10-01 00:00:00",234,
"2019-10-02 00:00:00",202,
"2019-10-03 00:00:00",203,
"2019-10-04 00:00:00",213,
"2019-10-05 00:00:00",232,
"2019-10-06 00:00:00",261,
"2019-10-07 00:00:00",215,
"2019-10-08 00:00:00",216,
"2019-10-09 00:00:00",172,
"2019-10-10 00:00:00",178,
"2019-10-11 00:00:00",193,
"2019-10-12 00:00:00",233,
"2019-10-13 00:00:00",231,
"2019-10-14 00:00:00",174,
"2019-10-15 00:00:00",169,
"2019-10-16 00:00:00",183,
"2019-10-17 00:00:00",177,
"2019-10-18 00:00:00",182,
"2019-10-19 00:00:00",237,
"2019-10-20 00:00:00",219,
"2019-10-21 00:00:00",191,
"2019-10-22 00:00:00",179,
"2019-10-23 00:00:00",174,
"2019-10-24 00:00:00",188,
"2019-10-25 00:00:00",179,
"2019-10-26 00:00:00",209,
"2019-10-27 00:00:00",217,
"2019-10-28 00:00:00",173,
"2019-10-29 00:00:00",177,
"2019-10-30 00:00:00",163,
"2019-10-31 00:00:00",197,
"2019-11-01 00:00:00",224,
"2019-11-02 00:00:00",304,
"2019-11-03 00:00:00",325,
"2019-11-04 00:00:00",227,
"2019-11-05 00:00:00",217,
"2019-11-06 00:00:00",203,
"2019-11-07 00:00:00",195,
"2019-11-08 00:00:00",249,
"2019-11-09 00:00:00",305,
"2019-11-10 00:00:00",309,
"2019-11-11 00:00:00",240,
"2019-11-12 00:00:00",240,
"2019-11-13 00:00:00",239,
"2019-11-14 00:00:00",231,
"2019-11-15 00:00:00",251,
"2019-11-16 00:00:00",283,
"2019-11-17 00:00:00",316,
"2019-11-18 00:00:00",238,
"2019-11-19 00:00:00",231,
"2019-11-20 00:00:00",220,
"2019-11-21 00:00:00",225,
"2019-11-22 00:00:00",255,
"2019-11-23 00:00:00",294,
"2019-11-24 00:00:00",294,
"2019-11-25 00:00:00",220,
"2019-11-26 00:00:00",216,
"2019-11-27 00:00:00",177,
"2019-11-28 00:00:00",226,
"2019-11-29 00:00:00",197,
"2019-11-30 00:00:00",228,
"2019-12-01 00:00:00",235,
"2019-12-02 00:00:00",184,
"2019-12-03 00:00:00",170,
"2019-12-04 00:00:00",200,
"2019-12-05 00:00:00",191,
"2019-12-06 00:00:00",177,
"2019-12-07 00:00:00",251,
"2019-12-08 00:00:00",247,
"2019-12-09 00:00:00",183,
"2019-12-10 00:00:00",172,
"2019-12-11 00:00:00",169,
"2019-12-12 00:00:00",161,
"2019-12-13 00:00:00",175,
"2019-12-14 00:00:00",240,
"2019-12-15 00:00:00",214,
"2019-12-16 00:00:00",178,
"2019-12-17 00:00:00",179,
"2019-12-18 00:00:00",175,
"2019-12-19 00:00:00",179,
"2019-12-20 00:00:00",188,
"2019-12-21 00:00:00",201,
"2019-12-22 00:00:00",202,
"2019-12-23 00:00:00",174,
"2019-12-24 00:00:00",164,
"2019-12-25 00:00:00",163,
"2019-12-26 00:00:00",150,
"2019-12-27 00:00:00",175,
"2019-12-28 00:00:00",184,
"2019-12-29 00:00:00",211,
"2019-12-30 00:00:00",182,
"2019-12-31 00:00:00",167,
"2020-01-01 00:00:00",187,
"2020-01-02 00:00:00",167,
"2020-01-03 00:00:00",189,
"2020-01-04 00:00:00",229,
"2020-01-05 00:00:00",233,
"2020-01-06 00:00:00",177,
"2020-01-07 00:00:00",187,
"2020-01-08 00:00:00",174,
"2020-01-09 00:00:00",157,
"2020-01-10 00:00:00",190,
"2020-01-11 00:00:00",286,
"2020-01-12 00:00:00",259,
"2020-01-13 00:00:00",200,
"2020-01-14 00:00:00",206,
"2020-01-15 00:00:00",175,
"2020-01-16 00:00:00",187,
"2020-01-17 00:00:00",233,
"2020-01-18 00:00:00",256,
"2020-01-19 00:00:00",263,
"2020-01-20 00:00:00",227,
"2020-01-21 00:00:00",234,
"2020-01-22 00:00:00",207,
"2020-01-23 00:00:00",203,
"2020-01-24 00:00:00",209,
"2020-01-25 00:00:00",272,
"2020-01-26 00:00:00",258,
"2020-01-27 00:00:00",196,
"2020-01-28 00:00:00",240,
"2020-01-29 00:00:00",209,
"2020-01-30 00:00:00",198,
"2020-01-31 00:00:00",242,
"2020-02-01 00:00:00",293,
"2020-02-02 00:00:00",275,
"2020-02-03 00:00:00",217,
"2020-02-04 00:00:00",206,
"2020-02-05 00:00:00",180,
"2020-02-06 00:00:00",199,
"2020-02-07 00:00:00",213,
"2020-02-08 00:00:00",278,
"2020-02-09 00:00:00",277,
"2020-02-10 00:00:00",213,
"2020-02-11 00:00:00",203,
"2020-02-12 00:00:00",195,
"2020-02-13 00:00:00",229,
"2020-02-14 00:00:00",212,
"2020-02-15 00:00:00",233,
"2020-02-16 00:00:00",260,
"2020-02-17 00:00:00",215,
"2020-02-18 00:00:00",201,
"2020-02-19 00:00:00",175,
"2020-02-20 00:00:00",192,
"2020-02-21 00:00:00",210,
"2020-02-22 00:00:00",222,
"2020-02-23 00:00:00",261,
"2020-02-24 00:00:00",194,
"2020-02-25 00:00:00",194,
"2020-02-26 00:00:00",202,
"2020-02-27 00:00:00",178,
"2020-02-28 00:00:00",210,
"2020-02-29 00:00:00",231,
"2020-03-01 00:00:00",247,
"2020-03-02 00:00:00",170,
"2020-03-03 00:00:00",189,
"2020-03-04 00:00:00",175,
"2020-03-05 00:00:00",178,
"2020-03-06 00:00:00",175,
"2020-03-07 00:00:00",226,
"2020-03-08 00:00:00",250,
"2020-03-09 00:00:00",215,
"2020-03-10 00:00:00",183,
"2020-03-11 00:00:00",165,
"2020-03-12 00:00:00",185,
"2020-03-13 00:00:00",200,
"2020-03-14 00:00:00",247,
"2020-03-15 00:00:00",231,
"2020-03-16 00:00:00",216,
"2020-03-17 00:00:00",222,
"2020-03-18 00:00:00",210,
"2020-03-19 00:00:00",209,
"2020-03-20 00:00:00",258,
"2020-03-21 00:00:00",262,
"2020-03-22 00:00:00",279,
"2020-03-23 00:00:00",243,
"2020-03-24 00:00:00",232,
"2020-03-25 00:00:00",236,
"2020-03-26 00:00:00",230,
"2020-03-27 00:00:00",281,
"2020-03-28 00:00:00",266,
"2020-03-29 00:00:00",278,
"2020-03-30 00:00:00",235,
"2020-03-31 00:00:00",251,
"2020-04-01 00:00:00",267,
"2020-04-02 00:00:00",239,
"2020-04-03 00:00:00",264,
"2020-04-04 00:00:00",323,
"2020-04-05 00:00:00",278,
"2020-04-06 00:00:00",243,
"2020-04-07 00:00:00",233,
"2020-04-08 00:00:00",250,
"2020-04-09 00:00:00",258,
"2020-04-10 00:00:00",257,
"2020-04-11 00:00:00",271,
"2020-04-12 00:00:00",286,
"2020-04-13 00:00:00",263,
"2020-04-14 00:00:00",243,
"2020-04-15 00:00:00",226,
"2020-04-16 00:00:00",233,
"2020-04-17 00:00:00",230,
"2020-04-18 00:00:00",235,
"2020-04-19 00:00:00",271,
"2020-04-20 00:00:00",208,
"2020-04-21 00:00:00",248,
"2020-04-22 00:00:00",231,
"2020-04-23 00:00:00",208,
"2020-04-24 00:00:00",216,
"2020-04-25 00:00:00",244,
"2020-04-26 00:00:00",238,
"2020-04-27 00:00:00",193,
"2020-04-28 00:00:00",208,
"2020-04-29 00:00:00",239,
"2020-04-30 00:00:00",207,
"2020-05-01 00:00:00",238,
"2020-05-02 00:00:00",242,
"2020-05-03 00:00:00",257,
"2020-05-04 00:00:00",216,
"2020-05-05 00:00:00",232,
"2020-05-06 00:00:00",207,
"2020-05-07 00:00:00",214,
"2020-05-08 00:00:00",241,
"2020-05-09 00:00:00",245,
"2020-05-10 00:00:00",268,
"2020-05-11 00:00:00",262,
"2020-05-12 00:00:00",236,
"2020-05-13 00:00:00",212,
"2020-05-14 00:00:00",207,
"2020-05-15 00:00:00",219,
"2020-05-16 00:00:00",238,
"2020-05-17 00:00:00",252,
"2020-05-18 00:00:00",213,
"2020-05-19 00:00:00",219,
"2020-05-20 00:00:00",234,
"2020-05-21 00:00:00",193,
"2020-05-22 00:00:00",211,
"2020-05-23 00:00:00",249,
"2020-05-24 00:00:00",250,
"2020-05-25 00:00:00",235,
"2020-05-26 00:00:00",200,
"2020-05-27 00:00:00",185,
"2020-05-28 00:00:00",189,
"2020-05-29 00:00:00",205,
"2020-05-30 00:00:00",236,
"2020-05-31 00:00:00",259,
"2020-06-01 00:00:00",215,
"2020-06-02 00:00:00",194,
"2020-06-03 00:00:00",183,
"2020-06-04 00:00:00",186,
"2020-06-05 00:00:00",190,
"2020-06-06 00:00:00",217,
"2020-06-07 00:00:00",227,
"2020-06-08 00:00:00",205,
"2020-06-09 00:00:00",192,
"2020-06-10 00:00:00",162,
"2020-06-11 00:00:00",180,
"2020-06-12 00:00:00",165,
"2020-06-13 00:00:00",200,
"2020-06-14 00:00:00",178,
"2020-06-15 00:00:00",174,
"2020-06-16 00:00:00",160,
"2020-06-17 00:00:00",158,
"2020-06-18 00:00:00",150,
"2020-06-19 00:00:00",174,
"2020-06-20 00:00:00",181,
"2020-06-21 00:00:00",181,
"2020-06-22 00:00:00",172,
"2020-06-23 00:00:00",176,
"2020-06-24 00:00:00",156,
"2020-06-25 00:00:00",173,
"2020-06-26 00:00:00",170,
"2020-06-27 00:00:00",153,
"2020-06-28 00:00:00",177,
"2020-06-29 00:00:00",157,
"2020-06-30 00:00:00",170,
"2020-07-01 00:00:00",160,
"2020-07-02 00:00:00",172,
"2020-07-03 00:00:00",178,
"2020-07-04 00:00:00",272,
"2020-07-05 00:00:00",282,
"2020-07-06 00:00:00",204,
"2020-07-07 00:00:00",230,
"2020-07-08 00:00:00",214,
"2020-07-09 00:00:00",184,
"2020-07-10 00:00:00",212,
"2020-07-11 00:00:00",203,
"2020-07-12 00:00:00",242,
"2020-07-13 00:00:00",213,
"2020-07-14 00:00:00",186,
"2020-07-15 00:00:00",180,
"2020-07-16 00:00:00",191,
"2020-07-17 00:00:00",184,
"2020-07-18 00:00:00",202,
"2020-07-19 00:00:00",205,
"2020-07-20 00:00:00",180,
"2020-07-21 00:00:00",164,
"2020-07-22 00:00:00",186,
"2020-07-23 00:00:00",183,
"2020-07-24 00:00:00",185,
"2020-07-25 00:00:00",181,
"2020-07-26 00:00:00",203,
"2020-07-27 00:00:00",179,
"2020-07-28 00:00:00",185,
"2020-07-29 00:00:00",172,
"2020-07-30 00:00:00",166,
"2020-07-31 00:00:00",166,
"2020-08-01 00:00:00",172,
"2020-08-02 00:00:00",198,
"2020-08-03 00:00:00",152,
"2020-08-04 00:00:00",151,
"2020-08-05 00:00:00",131,
"2020-08-06 00:00:00",119,
"2020-08-07 00:00:00",145,
"2020-08-08 00:00:00",125,
"2020-08-09 00:00:00",137,
"2020-08-10 00:00:00",122,
"2020-08-11 00:00:00",125,
"2020-08-12 00:00:00",115,
"2020-08-13 00:00:00",130,
"2020-08-14 00:00:00",142,
"2020-08-15 00:00:00",135,
"2020-08-16 00:00:00",154,
"2020-08-17 00:00:00",140,
"2020-08-18 00:00:00",144,
"2020-08-19 00:00:00",139,
"2020-08-20 00:00:00",139,
"2020-08-21 00:00:00",151,
"2020-08-22 00:00:00",161,
"2020-08-23 00:00:00",164,
"2020-08-24 00:00:00",160,
"2020-08-25 00:00:00",131,
"2020-08-26 00:00:00",152,
"2020-08-27 00:00:00",138,
"2020-08-28 00:00:00",157,
"2020-08-29 00:00:00",173,
"2020-08-30 00:00:00",200,
"2020-08-31 00:00:00",152,
"2020-09-01 00:00:00",153,
"2020-09-02 00:00:00",140,
"2020-09-03 00:00:00",140,
"2020-09-04 00:00:00",142,
"2020-09-05 00:00:00",190,
"2020-09-06 00:00:00",203,
"2020-09-07 00:00:00",177,
"2020-09-08 00:00:00",174,
"2020-09-09 00:00:00",149,
"2020-09-10 00:00:00",168,
"2020-09-11 00:00:00",160,
"2020-09-12 00:00:00",182,
"2020-09-13 00:00:00",172,
"2020-09-14 00:00:00",154,
"2020-09-15 00:00:00",159,
"2020-09-16 00:00:00",157,
"2020-09-17 00:00:00",141,
"2020-09-18 00:00:00",159,
"2020-09-19 00:00:00",177,
"2020-09-20 00:00:00",199,
"2020-09-21 00:00:00",154,
"2020-09-22 00:00:00",150,
"2020-09-23 00:00:00",133,
"2020-09-24 00:00:00",153,
"2020-09-25 00:00:00",156,
"2020-09-26 00:00:00",166,
"2020-09-27 00:00:00",160,
"2020-09-28 00:00:00",141,
"2020-09-29 00:00:00",141,
"2020-09-30 00:00:00",155,
"2020-10-01 00:00:00",132,
"2020-10-02 00:00:00",163,
"2020-10-03 00:00:00",176,
"2020-10-04 00:00:00",168,
"2020-10-05 00:00:00",156,
"2020-10-06 00:00:00",144,
"2020-10-07 00:00:00",132,
"2020-10-08 00:00:00",128,
"2020-10-09 00:00:00",130,
"2020-10-10 00:00:00",151,
"2020-10-11 00:00:00",162,
"2020-10-12 00:00:00",148,
"2020-10-13 00:00:00",134,
"2020-10-14 00:00:00",126,
"2020-10-15 00:00:00",111,
"2020-10-16 00:00:00",117,
"2020-10-17 00:00:00",145,
"2020-10-18 00:00:00",146,
"2020-10-19 00:00:00",103,
"2020-10-20 00:00:00",113,
"2020-10-21 00:00:00",119,
"2020-10-22 00:00:00",121,
"2020-10-23 00:00:00",116,
"2020-10-24 00:00:00",132,
"2020-10-25 00:00:00",145,
"2020-10-26 00:00:00",148,
"2020-10-27 00:00:00",112,
"2020-10-28 00:00:00",110,
"2020-10-29 00:00:00",112,
"2020-10-30 00:00:00",149,
"2020-10-31 00:00:00",153,
"2020-11-01 00:00:00",164,
"2020-11-02 00:00:00",127,
"2020-11-03 00:00:00",141,
"2020-11-04 00:00:00",136,
"2020-11-05 00:00:00",151,
"2020-11-06 00:00:00",133,
"2020-11-07 00:00:00",161,
"2020-11-08 00:00:00",161,
"2020-11-09 00:00:00",129,
"2020-11-10 00:00:00",140,
"2020-11-11 00:00:00",121,
"2020-11-12 00:00:00",113,
"2020-11-13 00:00:00",127,
"2020-11-14 00:00:00",163,
"2020-11-15 00:00:00",145,
"2020-11-16 00:00:00",128,
"2020-11-17 00:00:00",115,
"2020-11-18 00:00:00",131,
"2020-11-19 00:00:00",117,
"2020-11-20 00:00:00",121,
"2020-11-21 00:00:00",137,
"2020-11-22 00:00:00",142,
"2020-11-23 00:00:00",115,
"2020-11-24 00:00:00",114,
"2020-11-25 00:00:00",121,
"2020-11-26 00:00:00",109,
"2020-11-27 00:00:00",128,
"2020-11-28 00:00:00",132,
"2020-11-29 00:00:00",122,
"2020-11-30 00:00:00",106,
"2020-12-01 00:00:00",105,
"2020-12-02 00:00:00",122,
"2020-12-03 00:00:00",118,
"2020-12-04 00:00:00",125,
"2020-12-05 00:00:00",152,
"2020-12-06 00:00:00",143,
"2020-12-07 00:00:00",111,
"2020-12-08 00:00:00",102,
"2020-12-09 00:00:00",112,
"2020-12-10 00:00:00",102,
"2020-12-11 00:00:00",119,
"2020-12-12 00:00:00",121,
"2020-12-13 00:00:00",121,
"2020-12-14 00:00:00",98,
"2020-12-15 00:00:00",95,
"2020-12-16 00:00:00",82,
"2020-12-17 00:00:00",91,
"2020-12-18 00:00:00",130,
"2020-12-19 00:00:00",108,
"2020-12-20 00:00:00",126,
"2020-12-21 00:00:00",102,
"2020-12-22 00:00:00",97,
"2020-12-23 00:00:00",117,
"2020-12-24 00:00:00",101,
"2020-12-25 00:00:00",126,
"2020-12-26 00:00:00",133,
"2020-12-27 00:00:00",130,
"2020-12-28 00:00:00",119,
"2020-12-29 00:00:00",123,
"2020-12-30 00:00:00",106,
"2020-12-31 00:00:00",116,
"2021-01-01 00:00:00",123,
"2021-01-02 00:00:00",133,
"2021-01-03 00:00:00",113,
"2021-01-04 00:00:00",111,
"2021-01-05 00:00:00",111,
"2021-01-06 00:00:00",93,
"2021-01-07 00:00:00",96,
"2021-01-08 00:00:00",123,
"2021-01-09 00:00:00",126,
"2021-01-10 00:00:00",126,
"2021-01-11 00:00:00",105,
"2021-01-12 00:00:00",116,
"2021-01-13 00:00:00",120,
"2021-01-14 00:00:00",107,
"2021-01-15 00:00:00",117,
"2021-01-16 00:00:00",124,
"2021-01-17 00:00:00",118,
"2021-01-18 00:00:00",103,
"2021-01-19 00:00:00",105,
"2021-01-20 00:00:00",94,
"2021-01-21 00:00:00",121,
"2021-01-22 00:00:00",124,
"2021-01-23 00:00:00",131,
"2021-01-24 00:00:00",135,
"2021-01-25 00:00:00",110,
"2021-01-26 00:00:00",105,
"2021-01-27 00:00:00",102,
"2021-01-28 00:00:00",113,
"2021-01-29 00:00:00",115,
"2021-01-30 00:00:00",133,
"2021-01-31 00:00:00",159,
"2021-02-01 00:00:00",111,
"2021-02-02 00:00:00",111,
"2021-02-03 00:00:00",123,
"2021-02-04 00:00:00",103,
"2021-02-05 00:00:00",111,
"2021-02-06 00:00:00",131,
"2021-02-07 00:00:00",118,
"2021-02-08 00:00:00",112,
"2021-02-09 00:00:00",120,
"2021-02-10 00:00:00",119,
"2021-02-11 00:00:00",118,
"2021-02-12 00:00:00",136,
"2021-02-13 00:00:00",140,
"2021-02-14 00:00:00",131,
"2021-02-15 00:00:00",119,
"2021-02-16 00:00:00",103,
"2021-02-17 00:00:00",38,
"2021-02-18 00:00:00",116,
"2021-02-19 00:00:00",110,
"2021-02-20 00:00:00",148,
"2021-02-21 00:00:00",126,
"2021-02-22 00:00:00",114,
"2021-02-23 00:00:00",100,
"2021-02-24 00:00:00",103,
"2021-02-25 00:00:00",103,
"2021-02-26 00:00:00",127,
"2021-02-27 00:00:00",145,
"2021-02-28 00:00:00",132,
"2021-03-01 00:00:00",120,
"2021-03-02 00:00:00",102,
"2021-03-03 00:00:00",130,
"2021-03-04 00:00:00",99,
"2021-03-05 00:00:00",97,
"2021-03-06 00:00:00",133,
"2021-03-07 00:00:00",137,
"2021-03-08 00:00:00",115,
"2021-03-09 00:00:00",116,
"2021-03-10 00:00:00",97,
"2021-03-11 00:00:00",101,
"2021-03-12 00:00:00",125,
"2021-03-13 00:00:00",125,
"2021-03-14 00:00:00",147,
"2021-03-15 00:00:00",125,
"2021-03-16 00:00:00",110,
"2021-03-17 00:00:00",125,
"2021-03-18 00:00:00",105,
"2021-03-19 00:00:00",135,
"2021-03-20 00:00:00",145,
"2021-03-21 00:00:00",142,
"2021-03-22 00:00:00",114,
"2021-03-23 00:00:00",110,
"2021-03-24 00:00:00",101,
"2021-03-25 00:00:00",108,
"2021-03-26 00:00:00",101,
"2021-03-27 00:00:00",121,
"2021-03-28 00:00:00",125,
"2021-03-29 00:00:00",101,
"2021-03-30 00:00:00",87,
"2021-03-31 00:00:00",112,
"2021-04-01 00:00:00",107,
"2021-04-02 00:00:00",128,
"2021-04-03 00:00:00",143,
"2021-04-04 00:00:00",134,
"2021-04-05 00:00:00",140,
"2021-04-06 00:00:00",120,
"2021-04-07 00:00:00",117,
"2021-04-08 00:00:00",125,
"2021-04-09 00:00:00",117,
"2021-04-10 00:00:00",141,
"2021-04-11 00:00:00",128,
"2021-04-12 00:00:00",112,
"2021-04-13 00:00:00",100,
"2021-04-14 00:00:00",104,
"2021-04-15 00:00:00",102,
"2021-04-16 00:00:00",112,
"2021-04-17 00:00:00",120,
"2021-04-18 00:00:00",117,
"2021-04-19 00:00:00",94,
"2021-04-20 00:00:00",95,
"2021-04-21 00:00:00",93,
"2021-04-22 00:00:00",90,
"2021-04-23 00:00:00",108,
"2021-04-24 00:00:00",135,
"2021-04-25 00:00:00",128,
"2021-04-26 00:00:00",125,
"2021-04-27 00:00:00",110,
"2021-04-28 00:00:00",128,
"2021-04-29 00:00:00",123,
"2021-04-30 00:00:00",122,
"2021-05-01 00:00:00",128,
"2021-05-02 00:00:00",114,
"2021-05-03 00:00:00",117,
"2021-05-04 00:00:00",105,
"2021-05-05 00:00:00",114,
"2021-05-06 00:00:00",111,
"2021-05-07 00:00:00",116,
"2021-05-08 00:00:00",127,
"2021-05-09 00:00:00",123,
"2021-05-10 00:00:00",107,
"2021-05-11 00:00:00",113,
"2021-05-12 00:00:00",125,
"2021-05-13 00:00:00",126,
"2021-05-14 00:00:00",122,
"2021-05-15 00:00:00",133,
"2021-05-16 00:00:00",135,
"2021-05-17 00:00:00",96,
"2021-05-18 00:00:00",98,
"2021-05-19 00:00:00",100,
"2021-05-20 00:00:00",93,
"2021-05-21 00:00:00",114,
"2021-05-22 00:00:00",141,
"2021-05-23 00:00:00",119,
"2021-05-24 00:00:00",116,
"2021-05-25 00:00:00",92,
"2021-05-26 00:00:00",94,
"2021-05-27 00:00:00",100,
"2021-05-28 00:00:00",108,
"2021-05-29 00:00:00",151,
"2021-05-30 00:00:00",146,
"2021-05-31 00:00:00",131,
"2021-06-01 00:00:00",118,
"2021-06-02 00:00:00",110,
"2021-06-03 00:00:00",102,
"2021-06-04 00:00:00",102,
"2021-06-05 00:00:00",131,
"2021-06-06 00:00:00",113,
"2021-06-07 00:00:00",121,
"2021-06-08 00:00:00",109,
"2021-06-09 00:00:00",109,
"2021-06-10 00:00:00",124,
"2021-06-11 00:00:00",111,
"2021-06-12 00:00:00",127,
"2021-06-13 00:00:00",143,
"2021-06-14 00:00:00",116,
"2021-06-15 00:00:00",102,
"2021-06-16 00:00:00",110,
"2021-06-17 00:00:00",114,
"2021-06-18 00:00:00",106,
"2021-06-19 00:00:00",130,
"2021-06-20 00:00:00",127,
"2021-06-21 00:00:00",102,
"2021-06-22 00:00:00",101,
"2021-06-23 00:00:00",107,
"2021-06-24 00:00:00",112,
"2021-06-25 00:00:00",118,
"2021-06-26 00:00:00",112,
"2021-06-27 00:00:00",113,
"2021-06-28 00:00:00",107,
"2021-06-29 00:00:00",99,
"2021-06-30 00:00:00",101,
"2021-07-01 00:00:00",110,
"2021-07-02 00:00:00",104,
"2021-07-03 00:00:00",137,
"2021-07-04 00:00:00",139,
"2021-07-05 00:00:00",132,
"2021-07-06 00:00:00",133,
"2021-07-07 00:00:00",115,
"2021-07-08 00:00:00",117,
"2021-07-09 00:00:00",129,
"2021-07-10 00:00:00",147,
"2021-07-11 00:00:00",151,
"2021-07-12 00:00:00",123,
"2021-07-13 00:00:00",130,
"2021-07-14 00:00:00",135,
"2021-07-15 00:00:00",121,
"2021-07-16 00:00:00",116,
"2021-07-17 00:00:00",164,
"2021-07-18 00:00:00",149,
"2021-07-19 00:00:00",140,
"2021-07-20 00:00:00",121,
"2021-07-21 00:00:00",151,
"2021-07-22 00:00:00",140,
"2021-07-23 00:00:00",134,
"2021-07-24 00:00:00",149,
"2021-07-25 00:00:00",154,
"2021-07-26 00:00:00",156,
"2021-07-27 00:00:00",177,
"2021-07-28 00:00:00",167,
"2021-07-29 00:00:00",140,
"2021-07-30 00:00:00",157,
"2021-07-31 00:00:00",186,
"2021-08-01 00:00:00",177,
"2021-08-02 00:00:00",186,
"2021-08-03 00:00:00",175,
"2021-08-04 00:00:00",167,
"2021-08-05 00:00:00",149,
"2021-08-06 00:00:00",174,
"2021-08-07 00:00:00",165,
"2021-08-08 00:00:00",171,
"2021-08-09 00:00:00",162,
"2021-08-10 00:00:00",155,
"2021-08-11 00:00:00",146,
"2021-08-12 00:00:00",126,
"2021-08-13 00:00:00",138,
"2021-08-14 00:00:00",142,
"2021-08-15 00:00:00",155,
"2021-08-16 00:00:00",158,
"2021-08-17 00:00:00",159,
"2021-08-18 00:00:00",151,
"2021-08-19 00:00:00",137,
"2021-08-20 00:00:00",142,
"2021-08-21 00:00:00",175,
"2021-08-22 00:00:00",170,
"2021-08-23 00:00:00",145,
"2021-08-24 00:00:00",158,
"2021-08-25 00:00:00",136,
"2021-08-26 00:00:00",119,
"2021-08-27 00:00:00",117,
"2021-08-28 00:00:00",136,
"2021-08-29 00:00:00",151,
"2021-08-30 00:00:00",120,
"2021-08-31 00:00:00",121,
"2021-09-01 00:00:00",111,
"2021-09-02 00:00:00",118,
"2021-09-03 00:00:00",117,
"2021-09-04 00:00:00",123,
"2021-09-05 00:00:00",119,
"2021-09-06 00:00:00",107,
"2021-09-07 00:00:00",107,
"2021-09-08 00:00:00",99,
"2021-09-09 00:00:00",96,
"2021-09-10 00:00:00",119,
"2021-09-11 00:00:00",134,
"2021-09-12 00:00:00",128,
"2021-09-13 00:00:00",99,
"2021-09-14 00:00:00",98,
"2021-09-15 00:00:00",103,
"2021-09-16 00:00:00",92,
"2021-09-17 00:00:00",102,
"2021-09-18 00:00:00",125,
"2021-09-19 00:00:00",130,
"2021-09-20 00:00:00",113,
"2021-09-21 00:00:00",108,
"2021-09-22 00:00:00",98,
"2021-09-23 00:00:00",100,
"2021-09-24 00:00:00",103,
"2021-09-25 00:00:00",117,
"2021-09-26 00:00:00",114,
"2021-09-27 00:00:00",69,
"2021-09-28 00:00:00",88,
"2021-09-29 00:00:00",88,
"2021-09-30 00:00:00",101,
"2021-10-01 00:00:00",104,
"2021-10-02 00:00:00",127,
"2021-10-03 00:00:00",120,
"2021-10-04 00:00:00",94,
"2021-10-05 00:00:00",96,
"2021-10-06 00:00:00",86,
"2021-10-07 00:00:00",88,
"2021-10-08 00:00:00",104,
"2021-10-09 00:00:00",117,
"2021-10-10 00:00:00",112,
"2021-10-11 00:00:00",103,
"2021-10-12 00:00:00",94,
"2021-10-13 00:00:00",82,
"2021-10-14 00:00:00",71,
"2021-10-15 00:00:00",79,
"2021-10-16 00:00:00",91,
"2021-10-17 00:00:00",100,
"2021-10-18 00:00:00",79,
"2021-10-19 00:00:00",68,
"2021-10-20 00:00:00",69,
"2021-10-21 00:00:00",86,
"2021-10-22 00:00:00",89,
"2021-10-23 00:00:00",100,
"2021-10-24 00:00:00",100,
"2021-10-25 00:00:00",92,
"2021-10-26 00:00:00",95,
"2021-10-27 00:00:00",70,
"2021-10-28 00:00:00",77,
"2021-10-29 00:00:00",89,
"2021-10-30 00:00:00",125,
"2021-10-31 00:00:00",114,
"2021-11-01 00:00:00",94,
"2021-11-02 00:00:00",73,
"2021-11-03 00:00:00",70,
"2021-11-04 00:00:00",78,
"2021-11-05 00:00:00",83,
"2021-11-06 00:00:00",92,
"2021-11-07 00:00:00",92,
"2021-11-08 00:00:00",77,
"2021-11-09 00:00:00",72,
"2021-11-10 00:00:00",74,
"2021-11-11 00:00:00",65,
"2021-11-12 00:00:00",71,
"2021-11-13 00:00:00",92,
"2021-11-14 00:00:00",96,
"2021-11-15 00:00:00",71,
"2021-11-16 00:00:00",76,
"2021-11-17 00:00:00",77,
"2021-11-18 00:00:00",84,
"2021-11-19 00:00:00",79,
"2021-11-20 00:00:00",89,
"2021-11-21 00:00:00",86,
"2021-11-22 00:00:00",73,
"2021-11-23 00:00:00",71,
"2021-11-24 00:00:00",69,
"2021-11-25 00:00:00",86,
"2021-11-26 00:00:00",78,
"2021-11-27 00:00:00",105,
"2021-11-28 00:00:00",103,
"2021-11-29 00:00:00",76,
"2021-11-30 00:00:00",80,
"2021-12-01 00:00:00",76,
"2021-12-02 00:00:00",64,
"2021-12-03 00:00:00",76,
"2021-12-04 00:00:00",92,
"2021-12-05 00:00:00",92,
"2021-12-06 00:00:00",87,
"2021-12-07 00:00:00",75,
"2021-12-08 00:00:00",81,
"2021-12-09 00:00:00",78,
"2021-12-10 00:00:00",76,
"2021-12-11 00:00:00",99,
"2021-12-12 00:00:00",85,
"2021-12-13 00:00:00",79,
"2021-12-14 00:00:00",65,
"2021-12-15 00:00:00",65,
"2021-12-16 00:00:00",81,
"2021-12-17 00:00:00",98,
"2021-12-18 00:00:00",128,
"2021-12-19 00:00:00",109,
"2021-12-20 00:00:00",116,
"2021-12-21 00:00:00",110,
"2021-12-22 00:00:00",107,
"2021-12-23 00:00:00",99,
"2021-12-24 00:00:00",104,
"2021-12-25 00:00:00",126,
"2021-12-26 00:00:00",137,
"2021-12-27 00:00:00",131,
"2021-12-28 00:00:00",127,
"2021-12-29 00:00:00",122,
"2021-12-30 00:00:00",119,
"2021-12-31 00:00:00",142,
"2022-01-01 00:00:00",151,
"2022-01-02 00:00:00",159,
"2022-01-03 00:00:00",141,
"2022-01-04 00:00:00",131,
"2022-01-05 00:00:00",135,
"2022-01-06 00:00:00",144,
"2022-01-07 00:00:00",125,
"2022-01-08 00:00:00",159,
"2022-01-09 00:00:00",147,
"2022-01-10 00:00:00",126,
"2022-01-11 00:00:00",132,
"2022-01-12 00:00:00",139,
"2022-01-13 00:00:00",125,
"2022-01-14 00:00:00",146,
"2022-01-15 00:00:00",155,
"2022-01-16 00:00:00",168,
"2022-01-17 00:00:00",145,
"2022-01-18 00:00:00",121,
"2022-01-19 00:00:00",123,
"2022-01-20 00:00:00",116,
"2022-01-21 00:00:00",135,
"2022-01-22 00:00:00",133,
"2022-01-23 00:00:00",143,
"2022-01-24 00:00:00",121,
"2022-01-25 00:00:00",117,
"2022-01-26 00:00:00",107,
"2022-01-27 00:00:00",114,
"2022-01-28 00:00:00",111,
"2022-01-29 00:00:00",137,
"2022-01-30 00:00:00",136,
"2022-01-31 00:00:00",111,
"2022-02-01 00:00:00",111,
"2022-02-02 00:00:00",98,
"2022-02-03 00:00:00",103,
"2022-02-04 00:00:00",102,
"2022-02-05 00:00:00",108,
"2022-02-06 00:00:00",106,
"2022-02-07 00:00:00",89,
"2022-02-08 00:00:00",86,
"2022-02-09 00:00:00",85,
"2022-02-10 00:00:00",82,
"2022-02-11 00:00:00",86,
"2022-02-12 00:00:00",117,
"2022-02-13 00:00:00",117,
"2022-02-14 00:00:00",100,
"2022-02-15 00:00:00",86,
"2022-02-16 00:00:00",97,
"2022-02-17 00:00:00",83,
"2022-02-18 00:00:00",92,
"2022-02-19 00:00:00",108,
"2022-02-20 00:00:00",117,
"2022-02-21 00:00:00",106,
"2022-02-22 00:00:00",92,
"2022-02-23 00:00:00",94,
"2022-02-24 00:00:00",87,
"2022-02-25 00:00:00",96,
"2022-02-26 00:00:00",90,
"2022-02-27 00:00:00",101,
"2022-02-28 00:00:00",85,
"2022-03-01 00:00:00",86,
"2022-03-02 00:00:00",76,
"2022-03-03 00:00:00",87,
"2022-03-04 00:00:00",97,
"2022-03-05 00:00:00",106,
"2022-03-06 00:00:00",96,
"2022-03-07 00:00:00",97,
"2022-03-08 00:00:00",81,
"2022-03-09 00:00:00",82,
"2022-03-10 00:00:00",98,
"2022-03-11 00:00:00",81,
"2022-03-12 00:00:00",111,
"2022-03-13 00:00:00",122,
"2022-03-14 00:00:00",100,
"2022-03-15 00:00:00",111,
"2022-03-16 00:00:00",123,
"2022-03-17 00:00:00",119,
"2022-03-18 00:00:00",129,
"2022-03-19 00:00:00",154,
"2022-03-20 00:00:00",162,
"2022-03-21 00:00:00",125,
"2022-03-22 00:00:00",134,
"2022-03-23 00:00:00",134,
"2022-03-24 00:00:00",108,
"2022-03-25 00:00:00",112,
"2022-03-26 00:00:00",122,
"2022-03-27 00:00:00",142,
"2022-03-28 00:00:00",109,
"2022-03-29 00:00:00",115,
"2022-03-30 00:00:00",104,
"2022-03-31 00:00:00",108,
"2022-04-01 00:00:00",109,
"2022-04-02 00:00:00",120,
"2022-04-03 00:00:00",124,
"2022-04-04 00:00:00",95,
"2022-04-05 00:00:00",91,
"2022-04-06 00:00:00",85,
"2022-04-07 00:00:00",97,
"2022-04-08 00:00:00",93,
"2022-04-09 00:00:00",104,
"2022-04-10 00:00:00",114,
"2022-04-11 00:00:00",122,
"2022-04-12 00:00:00",108,
"2022-04-13 00:00:00",104,
"2022-04-14 00:00:00",116,
"2022-04-15 00:00:00",108,
"2022-04-16 00:00:00",122,
"2022-04-17 00:00:00",127,
"2022-04-18 00:00:00",133,
"2022-04-19 00:00:00",105,
"2022-04-20 00:00:00",108,
"2022-04-21 00:00:00",119,
"2022-04-22 00:00:00",113,
"2022-04-23 00:00:00",121,
"2022-04-24 00:00:00",129,
"2022-04-25 00:00:00",108,
"2022-04-26 00:00:00",102,
"2022-04-27 00:00:00",116,
"2022-04-28 00:00:00",104,
"2022-04-29 00:00:00",108,
"2022-04-30 00:00:00",122,
"2022-05-01 00:00:00",134,
"2022-05-02 00:00:00",118,
"2022-05-03 00:00:00",106,
"2022-05-04 00:00:00",109,
"2022-05-05 00:00:00",101,
"2022-05-06 00:00:00",101,
"2022-05-07 00:00:00",120,
"2022-05-08 00:00:00",131,
"2022-05-09 00:00:00",105,
"2022-05-10 00:00:00",93,
"2022-05-11 00:00:00",98,
"2022-05-12 00:00:00",99,
"2022-05-13 00:00:00",102,
"2022-05-14 00:00:00",120,
"2022-05-15 00:00:00",102,
"2022-05-16 00:00:00",100,
"2022-05-17 00:00:00",85,
"2022-05-18 00:00:00",90,
"2022-05-19 00:00:00",97,
"2022-05-20 00:00:00",103,
"2022-05-21 00:00:00",108,
"2022-05-22 00:00:00",100,
"2022-05-23 00:00:00",86,
"2022-05-24 00:00:00",74,
"2022-05-25 00:00:00",78,
"2022-05-26 00:00:00",80,
"2022-05-27 00:00:00",85,
"2022-05-28 00:00:00",106,
"2022-05-29 00:00:00",105,
"2022-05-30 00:00:00",99,
"2022-05-31 00:00:00",87,
"2022-06-01 00:00:00",81,
"2022-06-02 00:00:00",77,
"2022-06-03 00:00:00",103,
"2022-06-04 00:00:00",95,
"2022-06-05 00:00:00",105,
"2022-06-06 00:00:00",89,
"2022-06-07 00:00:00",113,
"2022-06-08 00:00:00",86,
"2022-06-09 00:00:00",75,
"2022-06-10 00:00:00",87,
"2022-06-11 00:00:00",102,
"2022-06-12 00:00:00",100,
"2022-06-13 00:00:00",82,
"2022-06-14 00:00:00",83,
"2022-06-15 00:00:00",82,
"2022-06-16 00:00:00",77,
"2022-06-17 00:00:00",80,
"2022-06-18 00:00:00",90,
"2022-06-19 00:00:00",94,
"2022-06-20 00:00:00",74,
"2022-06-21 00:00:00",76,
"2022-06-22 00:00:00",83,
"2022-06-23 00:00:00",74,
"2022-06-24 00:00:00",71,
"2022-06-25 00:00:00",89,
"2022-06-26 00:00:00",83,
"2022-06-27 00:00:00",85,
"2022-06-28 00:00:00",75,
"2022-06-29 00:00:00",74,
"2022-06-30 00:00:00",75,
"2022-07-01 00:00:00",79,
"2022-07-02 00:00:00",100,
"2022-07-03 00:00:00",112,
"2022-07-04 00:00:00",110,
"2022-07-05 00:00:00",95,
"2022-07-06 00:00:00",110,
"2022-07-07 00:00:00",93,
"2022-07-08 00:00:00",90,
"2022-07-09 00:00:00",92,
"2022-07-10 00:00:00",93,
"2022-07-11 00:00:00",107,
"2022-07-12 00:00:00",102,
"2022-07-13 00:00:00",93,
"2022-07-14 00:00:00",83,
"2022-07-15 00:00:00",95,
"2022-07-16 00:00:00",95,
"2022-07-17 00:00:00",97,
"2022-07-18 00:00:00",82,
"2022-07-19 00:00:00",86,
"2022-07-20 00:00:00",81,
"2022-07-21 00:00:00",84,
"2022-07-22 00:00:00",89,
"2022-07-23 00:00:00",97,
"2022-07-24 00:00:00",95,
"2022-07-25 00:00:00",110,
"2022-07-26 00:00:00",100,
"2022-07-27 00:00:00",87,
"2022-07-28 00:00:00",93,
"2022-07-29 00:00:00",104,
"2022-07-30 00:00:00",107,
"2022-07-31 00:00:00",100,
"2022-08-01 00:00:00",92,
"2022-08-02 00:00:00",83,
"2022-08-03 00:00:00",87,
"2022-08-04 00:00:00",80,
"2022-08-05 00:00:00",71,
"2022-08-06 00:00:00",85,
"2022-08-07 00:00:00",82,
"2022-08-08 00:00:00",97,
"2022-08-09 00:00:00",87,
"2022-08-10 00:00:00",79,
"2022-08-11 00:00:00",79,
"2022-08-12 00:00:00",78,
"2022-08-13 00:00:00",82,
"2022-08-14 00:00:00",78,
"2022-08-15 00:00:00",73,
"2022-08-16 00:00:00",77,
"2022-08-17 00:00:00",79,
"2022-08-18 00:00:00",79,
"2022-08-19 00:00:00",83,
"2022-08-20 00:00:00",110,
"2022-08-21 00:00:00",111,
"2022-08-22 00:00:00",102,
"2022-08-23 00:00:00",105,
"2022-08-24 00:00:00",90,
"2022-08-25 00:00:00",89,
"2022-08-26 00:00:00",79,
"2022-08-27 00:00:00",93,
"2022-08-28 00:00:00",91,
"2022-08-29 00:00:00",85,
"2022-08-30 00:00:00",74,
"2022-08-31 00:00:00",73,
"2022-09-01 00:00:00",77,
"2022-09-02 00:00:00",83,
"2022-09-03 00:00:00",100,
"2022-09-04 00:00:00",91,
"2022-09-05 00:00:00",83,
"2022-09-06 00:00:00",62,
"2022-09-07 00:00:00",74,
"2022-09-08 00:00:00",72,
"2022-09-09 00:00:00",71,
"2022-09-10 00:00:00",84,
"2022-09-11 00:00:00",102,
"2022-09-12 00:00:00",73,
"2022-09-13 00:00:00",84,
"2022-09-14 00:00:00",82,
"2022-09-15 00:00:00",58,
"2022-09-16 00:00:00",81,
"2022-09-17 00:00:00",78,
"2022-09-18 00:00:00",82,
"2022-09-19 00:00:00",72,
"2022-09-20 00:00:00",62,
"2022-09-21 00:00:00",64,
"2022-09-22 00:00:00",59,
"2022-09-23 00:00:00",71,44
"2022-09-24 00:00:00",83,56
"2022-09-25 00:00:00",86,55
"2022-09-26 00:00:00",53,39
"2022-09-27 00:00:00",65,43
"2022-09-28 00:00:00",66,42
"2022-09-29 00:00:00",63,41
"2022-09-30 00:00:00",66,45
"2022-10-01 00:00:00",138,71
"2022-10-02 00:00:00",120,84
"2022-10-03 00:00:00",115,77
"2022-10-04 00:00:00",89,64
"2022-10-05 00:00:00",87,60
"2022-10-06 00:00:00",95,58
"2022-10-07 00:00:00",93,57
"2022-10-08 00:00:00",105,66
"2022-10-09 00:00:00",95,70
"2022-10-10 00:00:00",71,54
"2022-10-11 00:00:00",62,45
"2022-10-12 00:00:00",60,44
"2022-10-13 00:00:00",65,44
"2022-10-14 00:00:00",71,46
"2022-10-15 00:00:00",89,62
"2022-10-16 00:00:00",78,60
"2022-10-17 00:00:00",72,47
"2022-10-18 00:00:00",78,50
"2022-10-19 00:00:00",81,50
"2022-10-20 00:00:00",79,58
"2022-10-21 00:00:00",95,59
"2022-10-22 00:00:00",100,66
"2022-10-23 00:00:00",117,70
"2022-10-24 00:00:00",91,60
"2022-10-25 00:00:00",82,53
"2022-10-26 00:00:00",77,49
"2022-10-27 00:00:00",72,50
"2022-10-28 00:00:00",79,54
"2022-10-29 00:00:00",111,77
"2022-10-30 00:00:00",135,82
"2022-10-31 00:00:00",104,65
"2022-11-01 00:00:00",83,44
"2022-11-02 00:00:00",21,12
"2022-11-03 00:00:00",18,10
"2022-11-04 00:00:00",16,8
"2022-11-05 00:00:00",14,9
"2022-11-06 00:00:00",16,7
"2022-11-07 00:00:00",15,7
"2022-11-08 00:00:00",10,5
"2022-11-09 00:00:00",12,6
"2022-11-10 00:00:00",60,16
"2022-11-11 00:00:00",88,57
"2022-11-12 00:00:00",110,77
"2022-11-13 00:00:00",120,80
"2022-11-14 00:00:00",96,60
"2022-11-15 00:00:00",104,63
"2022-11-16 00:00:00",79,55
"2022-11-17 00:00:00",87,59
"2022-11-18 00:00:00",72,53
"2022-11-19 00:00:00",99,71
"2022-11-20 00:00:00",105,75
"2022-11-21 00:00:00",77,52
"2022-11-22 00:00:00",74,51
"2022-11-23 00:00:00",76,51
"2022-11-24 00:00:00",75,52
"2022-11-25 00:00:00",72,52
"2022-11-26 00:00:00",88,60
"2022-11-27 00:00:00",80,61
"2022-11-28 00:00:00",84,48
"2022-11-29 00:00:00",71,51
"2022-11-30 00:00:00",70,46
"2022-12-01 00:00:00",68,49
"2022-12-02 00:00:00",69,49
"2022-12-03 00:00:00",81,59
"2022-12-04 00:00:00",78,55
"2022-12-05 00:00:00",75,48
"2022-12-06 00:00:00",75,56
"2022-12-07 00:00:00",60,45
"2022-12-08 00:00:00",63,43
"2022-12-09 00:00:00",71,49
"2022-12-10 00:00:00",76,51
"2022-12-11 00:00:00",71,54
"2022-12-12 00:00:00",63,43
"2022-12-13 00:00:00",62,48
"2022-12-14 00:00:00",58,39
"2022-12-15 00:00:00",66,40
"2022-12-16 00:00:00",60,43
"2022-12-17 00:00:00",68,48
"2022-12-18 00:00:00",60,42
"2022-12-19 00:00:00",51,38
"2022-12-20 00:00:00",55,38
"2022-12-21 00:00:00",57,37
"2022-12-22 00:00:00",50,32
"2022-12-23 00:00:00",55,38
"2022-12-24 00:00:00",59,37
"2022-12-25 00:00:00",45,32
"2022-12-26 00:00:00",47,33
"2022-12-27 00:00:00",49,34
"2022-12-28 00:00:00",53,38
"2022-12-29 00:00:00",53,35
"2022-12-30 00:00:00",53,34
"2022-12-31 00:00:00",55,36
"2023-01-01 00:00:00",50,33
"2023-01-02 00:00:00",49,34
"2023-01-03 00:00:00",48,32
"2023-01-04 00:00:00",49,32
"2023-01-05 00:00:00",52,33
"2023-01-06 00:00:00",49,35
"2023-01-07 00:00:00",55,34
"2023-01-08 00:00:00",51,34
"2023-01-09 00:00:00",48,29
"2023-01-10 00:00:00",52,29
"2023-01-11 00:00:00",47,28
"2023-01-12 00:00:00",42,27
"2023-01-13 00:00:00",47,31
"2023-01-14 00:00:00",49,32
"2023-01-15 00:00:00",59,35
"2023-01-16 00:00:00",42,27
"2023-01-17 00:00:00",39,27
"2023-01-18 00:00:00",34,23
"2023-01-19 00:00:00",43,26
"2023-01-20 00:00:00",54,28
"2023-01-21 00:00:00",65,36
"2023-01-22 00:00:00",59,36
"2023-01-23 00:00:00",41,27
"2023-01-24 00:00:00",47,28
"2023-01-25 00:00:00",47,30
"2023-01-26 00:00:00",45,28
"2023-01-27 00:00:00",48,31
"2023-01-28 00:00:00",58,33
"2023-01-29 00:00:00",45,29
"2023-01-30 00:00:00",41,26
"2023-01-31 00:00:00",40,25
"2023-02-01 00:00:00",42,26
"2023-02-02 00:00:00",42,27
"2023-02-03 00:00:00",40,27
"2023-02-04 00:00:00",44,29
"2023-02-05 00:00:00",46,31
"2023-02-06 00:00:00",34,25
"2023-02-07 00:00:00",40,26
"2023-02-08 00:00:00",40,25
"2023-02-09 00:00:00",39,27
"2023-02-10 00:00:00",37,25
"2023-02-11 00:00:00",47,31
"2023-02-12 00:00:00",41,31
"2023-02-13 00:00:00",38,21
"2023-02-14 00:00:00",36,21
"2023-02-15 00:00:00",33,21
"2023-02-16 00:00:00",38,23
"2023-02-17 00:00:00",41,24
"2023-02-18 00:00:00",52,30
"2023-02-19 00:00:00",42,27
"2023-02-20 00:00:00",38,26
"2023-02-21 00:00:00",37,23
"2023-02-22 00:00:00",39,23
"2023-02-23 00:00:00",42,25
"2023-02-24 00:00:00",41,24
"2023-02-25 00:00:00",36,25
"2023-02-26 00:00:00",56,29
"2023-02-27 00:00:00",45,27
"2023-02-28 00:00:00",37,23
"2023-03-01 00:00:00",23,14
"2023-03-02 00:00:00",26,9
"2023-03-03 00:00:00",38,23
"2023-03-04 00:00:00",49,29
"2023-03-05 00:00:00",43,31
"2023-03-06 00:00:00",39,21
"2023-03-07 00:00:00",37,20
"2023-03-08 00:00:00",32,21
"2023-03-09 00:00:00",49,21
"2023-03-10 00:00:00",40,20
"2023-03-11 00:00:00",48,27
"2023-03-12 00:00:00",42,28
"2023-03-13 00:00:00",36,17
"2023-03-14 00:00:00",29,18
"2023-03-15 00:00:00",31,18
"2023-03-16 00:00:00",37,21
"2023-03-17 00:00:00",40,23
"2023-03-18 00:00:00",54,32
"2023-03-19 00:00:00",49,36
"2023-03-20 00:00:00",41,26
"2023-03-21 00:00:00",39,25
"2023-03-22 00:00:00",33,21
"2023-03-23 00:00:00",32,19
"2023-03-24 00:00:00",38,20
"2023-03-25 00:00:00",39,24
"2023-03-26 00:00:00",43,25
"2023-03-27 00:00:00",31,18
"2023-03-28 00:00:00",28,16
"2023-03-29 00:00:00",28,19
"2023-03-30 00:00:00",26,20
"2023-03-31 00:00:00",31,19
"2023-04-01 00:00:00",40,24
"2023-04-02 00:00:00",37,24
"2023-04-03 00:00:00",37,20
"2023-04-04 00:00:00",34,19
"2023-04-05 00:00:00",32,19
"2023-04-06 00:00:00",30,18
"2023-04-07 00:00:00",31,16
"2023-04-08 00:00:00",37,21
"2023-04-09 00:00:00",33,23
"2023-04-10 00:00:00",27,17
"2023-04-11 00:00:00",24,14
"2023-04-12 00:00:00",20,12
"2023-04-13 00:00:00",21,12
"2023-04-14 00:00:00",24,14
"2023-04-15 00:00:00",29,17
"2023-04-16 00:00:00",26,17
"2023-04-17 00:00:00",21,12
"2023-04-18 00:00:00",29,17
"2023-04-19 00:00:00",26,14
"2023-04-20 00:00:00",27,14
"2023-04-21 00:00:00",31,17
"2023-04-22 00:00:00",35,24
"2023-04-23 00:00:00",31,20
"2023-04-24 00:00:00",29,18
"2023-04-25 00:00:00",39,23
"2023-04-26 00:00:00",42,23
"2023-04-27 00:00:00",38,21
"2023-04-28 00:00:00",43,26
"2023-04-29 00:00:00",53,29
"2023-04-30 00:00:00",47,29
"2023-05-01 00:00:00",47,32
"2023-05-02 00:00:00",35,26
"2023-05-03 00:00:00",38,24
"2023-05-04 00:00:00",28,19
"2023-05-05 00:00:00",41,24
"2023-05-06 00:00:00",44,29
"2023-05-07 00:00:00",62,36
"2023-05-08 00:00:00",55,29
"2023-05-09 00:00:00",40,26
"2023-05-10 00:00:00",48,26
"2023-05-11 00:00:00",45,24
"2023-05-12 00:00:00",53,33
"2023-05-13 00:00:00",48,36
"2023-05-14 00:00:00",52,35
"2023-05-15 00:00:00",35,22
"2023-05-16 00:00:00",34,26
"2023-05-17 00:00:00",37,24
"2023-05-18 00:00:00",40,24
"2023-05-19 00:00:00",45,27
"2023-05-20 00:00:00",59,38
"2023-05-21 00:00:00",56,38
"2023-05-22 00:00:00",40,27
"2023-05-23 00:00:00",36,25
"2023-05-24 00:00:00",44,26
"2023-05-25 00:00:00",46,26
"2023-05-26 00:00:00",43,25
"2023-05-27 00:00:00",49,35
"2023-05-28 00:00:00",54,34
"2023-05-29 00:00:00",44,29
"2023-05-30 00:00:00",53,30
"2023-05-31 00:00:00",51,33
"2023-06-01 00:00:00",46,32
"2023-06-02 00:00:00",57,33
"2023-06-03 00:00:00",55,38
"2023-06-04 00:00:00",53,38
"2023-06-05 00:00:00",36,28
"2023-06-06 00:00:00",36,27
"2023-06-07 00:00:00",36,25
"2023-06-08 00:00:00",47,29
"2023-06-09 00:00:00",45,29
"2023-06-10 00:00:00",54,32
"2023-06-11 00:00:00",47,17
"2023-06-12 00:00:00",40,25
"2023-06-13 00:00:00",46,31
"2023-06-14 00:00:00",37,28
"2023-06-15 00:00:00",43,29
"2023-06-16 00:00:00",48,28
"2023-06-17 00:00:00",43,30
"2023-06-18 00:00:00",40,29
"2023-06-19 00:00:00",41,26
"2023-06-20 00:00:00",35,22
"2023-06-21 00:00:00",41,22
"2023-06-22 00:00:00",38,25
"2023-06-23 00:00:00",50,30
"2023-06-24 00:00:00",33,16
"2023-06-25 00:00:00",40,23
"2023-06-26 00:00:00",40,27
"2023-06-27 00:00:00",39,25
"2023-06-28 00:00:00",39,26
"2023-06-29 00:00:00",53,33
"2023-06-30 00:00:00",42,31
"2023-07-01 00:00:00",54,35
"2023-07-02 00:00:00",50,36
"2023-07-03 00:00:00",43,27
"2023-07-04 00:00:00",51,29
"2023-07-05 00:00:00",44,29
"2023-07-06 00:00:00",50,30
"2023-07-07 00:00:00",55,31
"2023-07-08 00:00:00",63,36
"2023-07-09 00:00:00",69,39
"2023-07-10 00:00:00",71,42
"2023-07-11 00:00:00",110,49
"2023-07-12 00:00:00",18,9
"2023-07-13 00:00:00",7,2
"2023-07-14 00:00:00",5,2
"2023-07-15 00:00:00",6,2
"2023-07-16 00:00:00",5,2
"2023-07-17 00:00:00",8,2
"2023-07-18 00:00:00",9,4
"2023-07-19 00:00:00",7,2
"2023-07-20 00:00:00",7,3
"2023-07-21 00:00:00",7,2
"2023-07-22 00:00:00",7,3
"2023-07-23 00:00:00",10,3
"2023-07-24 00:00:00",7,3
"2023-07-25 00:00:00",8,2
"2023-07-26 00:00:00",6,2
"2023-07-27 00:00:00",7,2
"2023-07-28 00:00:00",7,2
"2023-07-29 00:00:00",9,3
"2023-07-30 00:00:00",8,2
"2023-07-31 00:00:00",5,1
"2023-08-01 00:00:00",6,2
"2023-08-02 00:00:00",5,1
"2023-08-03 00:00:00",6,2
"2023-08-04 00:00:00",5,1
"2023-08-05 00:00:00",4,1
"2023-08-06 00:00:00",9,2
"2023-08-07 00:00:00",6,2
"2023-08-08 00:00:00",7,3
"2023-08-09 00:00:00",7,2
"2023-08-10 00:00:00",7,2
"2023-08-11 00:00:00",5,1
"2023-08-12 00:00:00",5,2
"2023-08-13 00:00:00",5,1
"2023-08-14 00:00:00",8,3
"2023-08-15 00:00:00",6,2
"2023-08-16 00:00:00",6,2
"2023-08-17 00:00:00",7,2
"2023-08-18 00:00:00",6,2
"2023-08-19 00:00:00",5,1
"2023-08-20 00:00:00",7,2
"2023-08-21 00:00:00",9,3
"2023-08-22 00:00:00",6,2
"2023-08-23 00:00:00",4,1
"2023-08-24 00:00:00",4,1
"2023-08-25 00:00:00",7,3
"2023-08-26 00:00:00",10,4
"2023-08-27 00:00:00",10,4
"2023-08-28 00:00:00",8,3
"2023-08-29 00:00:00",7,2
"2023-08-30 00:00:00",6,2
"2023-08-31 00:00:00",5,1
"2023-09-01 00:00:00",5,2
"2023-09-02 00:00:00",5,1
"2023-09-03 00:00:00",5,2
"2023-09-04 00:00:00",5,1
"2023-09-05 00:00:00",5,1
"2023-09-06 00:00:00",6,1
"2023-09-07 00:00:00",5,1
"2023-09-08 00:00:00",6,2
"2023-09-09 00:00:00",5,2
"2023-09-10 00:00:00",9,2
"2023-09-11 00:00:00",6,2
"2023-09-12 00:00:00",6,1
"2023-09-13 00:00:00",5,1
"2023-09-14 00:00:00",5,2
"2023-09-15 00:00:00",7,2
"2023-09-16 00:00:00",9,3
"2023-09-17 00:00:00",8,2
"2023-09-18 00:00:00",5,2
"2023-09-19 00:00:00",5,1
"2023-09-20 00:00:00",4,2
"2023-09-21 00:00:00",8,2
"2023-09-22 00:00:00",9,2
"2023-09-23 00:00:00",6,2
"2023-09-24 00:00:00",6,2
"2023-09-25 00:00:00",4,1
"2023-09-26 00:00:00",8,2
"2023-09-27 00:00:00",5,1
"2023-09-28 00:00:00",3,1
"2023-09-29 00:00:00",6,2
"2023-09-30 00:00:00",8,2
"2023-10-01 00:00:00",8,1
"2023-10-02 00:00:00",3,1
"2023-10-03 00:00:00",7,1
"2023-10-04 00:00:00",5,1
"2023-10-05 00:00:00",5,1
"2023-10-06 00:00:00",5,1
"2023-10-07 00:00:00",5,1
"2023-10-08 00:00:00",5,1
"2023-10-09 00:00:00",6,2
"2023-10-10 00:00:00",5,1
"2023-10-11 00:00:00",5,1
"2023-10-12 00:00:00",6,2
"2023-10-13 00:00:00",7,2
"2023-10-14 00:00:00",7,3
"2023-10-15 00:00:00",6,2
"2023-10-16 00:00:00",3,1
"2023-10-17 00:00:00",3,1
"2023-10-18 00:00:00",4,1
"2023-10-19 00:00:00",4,1
"2023-10-20 00:00:00",5,1
"2023-10-21 00:00:00",6,2
"2023-10-22 00:00:00",9,3
"2023-10-23 00:00:00",4,1
"2023-10-24 00:00:00",6,2
"2023-10-25 00:00:00",5,2
"2023-10-26 00:00:00",5,1
"2023-10-27 00:00:00",5,1
"2023-10-28 00:00:00",6,1
"2023-10-29 00:00:00",6,2
"2023-10-30 00:00:00",6,1
"2023-10-31 00:00:00",7,2
"2023-11-01 00:00:00",5,1
"2023-11-02 00:00:00",7,1
"2023-11-03 00:00:00",5,1
"2023-11-04 00:00:00",5,1
"2023-11-05 00:00:00",6,2
"2023-11-06 00:00:00",5,2
"2023-11-07 00:00:00",7,2
"2023-11-08 00:00:00",7,2
"2023-11-09 00:00:00",5,1
"2023-11-10 00:00:00",5,2
"2023-11-11 00:00:00",7,2
"2023-11-12 00:00:00",6,1
"2023-11-13 00:00:00",5,1
"2023-11-14 00:00:00",5,1
"2023-11-15 00:00:00",7,2
"2023-11-16 00:00:00",6,2
"2023-11-17 00:00:00",5,1
"2023-11-18 00:00:00",6,2
"2023-11-19 00:00:00",5,1
"2023-11-20 00:00:00",4,1
"2023-11-21 00:00:00",3,2
"2023-11-21 01:00:00",3,2
"2023-11-21 02:00:00",2,2
"2023-11-21 03:00:00",2,2
"2023-11-21 04:00:00",1,2
"2023-11-21 05:00:00",2,2
"2023-11-21 06:00:00",2,2
"2023-11-21 07:00:00",2,2
"2023-11-21 08:00:00",2,2
"2023-11-21 09:00:00",2,2
"2023-11-21 10:00:00",3,2
"2023-11-21 11:00:00",2,2
"2023-11-21 12:00:00",3,2
"2023-11-21 13:00:00",2,2
"2023-11-21 14:00:00",4,2
"2023-11-21 15:00:00",5,2
"2023-11-21 16:00:00",3,2
"2023-11-21 17:00:00",3,2
"2023-11-21 18:00:00",3,2
"2023-11-21 19:00:00",1,2
"2023-11-21 20:00:00",4,2
"2023-11-21 21:00:00",2,2
"2023-11-21 22:00:00",1,2
"2023-11-21 23:00:00",1,2
"2023-11-22 00:00:00",2,2
"2023-11-22 01:00:00",2,2
"2023-11-22 02:00:00",2,2
"2023-11-22 03:00:00",1,2
"2023-11-22 04:00:00",2,2
"2023-11-22 05:00:00",1,2
"2023-11-22 06:00:00",,2
"2023-11-22 07:00:00",,2
"2023-11-22 08:00:00",2,2
"2023-11-22 09:00:00",1,2
"2023-11-22 10:00:00",1,2
"2023-11-22 11:00:00",3,2
"2023-11-22 12:00:00",2,2
"2023-11-22 13:00:00",1,2
"2023-11-22 14:00:00",2,2
"2023-11-22 15:00:00",5,2
"2023-11-22 16:00:00",1,2
"2023-11-22 17:00:00",3,2
"2023-11-22 18:00:00",1,2
"2023-11-22 19:00:00",,2
"2023-11-22 20:00:00",2,2
"2023-11-22 21:00:00",2,2
"2023-11-22 22:00:00",1,2
"2023-11-22 23:00:00",2,2
"2023-11-23 00:00:00",3,2
"2023-11-23 01:00:00",1,2
"2023-11-23 02:00:00",,2
"2023-11-23 03:00:00",3,2
"2023-11-23 04:00:00",1,2
"2023-11-23 05:00:00",1,2
"2023-11-23 06:00:00",1,2
"2023-11-23 07:00:00",1,2
"2023-11-23 08:00:00",2,2
"2023-11-23 09:00:00",1,2
"2023-11-23 10:00:00",3,2
"2023-11-23 11:00:00",1,2
"2023-11-23 12:00:00",2,2
"2023-11-23 13:00:00",3,2
"2023-11-23 14:00:00",3,2
"2023-11-23 15:00:00",3,2
"2023-11-23 16:00:00",2,2
"2023-11-23 17:00:00",3,2
"2023-11-23 18:00:00",3,2
"2023-11-23 19:00:00",3,2
"2023-11-23 20:00:00",4,2
"2023-11-23 21:00:00",2,2
"2023-11-23 22:00:00",2,2
"2023-11-23 23:00:00",,2
"2023-11-24 00:00:00",1,2
"2023-11-24 01:00:00",1,2
"2023-11-24 02:00:00",1,2
"2023-11-24 03:00:00",1,2
"2023-11-24 04:00:00",1,2
"2023-11-24 05:00:00",1,2
"2023-11-24 06:00:00",2,2
"2023-11-24 07:00:00",1,2
"2023-11-24 08:00:00",3,2
"2023-11-24 09:00:00",3,2
"2023-11-24 10:00:00",3,2
"2023-11-24 11:00:00",2,2
"2023-11-24 12:00:00",2,2
"2023-11-24 13:00:00",4,2
"2023-11-24 14:00:00",4,2
"2023-11-24 15:00:00",3,2
"2023-11-24 16:00:00",3,2
"2023-11-24 17:00:00",2,2
"2023-11-24 18:00:00",1,2
"2023-11-24 19:00:00",1,3
"2023-11-24 20:00:00",4,3
"2023-11-24 21:00:00",2,3
"2023-11-24 22:00:00",2,3
"2023-11-24 23:00:00",1,3
"2023-11-25 00:00:00",3,3
"2023-11-25 01:00:00",3,3
"2023-11-25 02:00:00",1,3
"2023-11-25 03:00:00",2,3
"2023-11-25 04:00:00",2,3
"2023-11-25 05:00:00",1,3
"2023-11-25 06:00:00",1,3
"2023-11-25 07:00:00",2,3
"2023-11-25 08:00:00",3,3
"2023-11-25 09:00:00",2,3
"2023-11-25 10:00:00",3,3
"2023-11-25 11:00:00",3,3
"2023-11-25 12:00:00",4,3
"2023-11-25 13:00:00",4,3
"2023-11-25 14:00:00",4,3
"2023-11-25 15:00:00",4,3
"2023-11-25 16:00:00",4,3
"2023-11-25 17:00:00",4,3
"2023-11-25 18:00:00",4,3
"2023-11-25 19:00:00",1,3
"2023-11-25 20:00:00",4,3
"2023-11-25 21:00:00",4,3
"2023-11-25 22:00:00",6,3
"2023-11-25 23:00:00",4,3
"2023-11-26 00:00:00",3,3
"2023-11-26 01:00:00",3,3
"2023-11-26 02:00:00",1,3
"2023-11-26 03:00:00",1,3
"2023-11-26 04:00:00",3,3
"2023-11-26 05:00:00",1,3
"2023-11-26 06:00:00",2,3
"2023-11-26 07:00:00",2,3
"2023-11-26 08:00:00",2,3
"2023-11-26 09:00:00",2,3
"2023-11-26 10:00:00",2,3
"2023-11-26 11:00:00",4,3
"2023-11-26 12:00:00",4,3
"2023-11-26 13:00:00",3,3
"2023-11-26 14:00:00",3,3
"2023-11-26 15:00:00",3,3
"2023-11-26 16:00:00",1,2
"2023-11-26 17:00:00",3,3
"2023-11-26 18:00:00",3,2
"2023-11-26 19:00:00",2,2
"2023-11-26 20:00:00",3,2
"2023-11-26 21:00:00",6,2
"2023-11-26 22:00:00",2,2
"2023-11-26 23:00:00",2,2
"2023-11-27 00:00:00",2,2
"2023-11-27 01:00:00",3,2
"2023-11-27 02:00:00",2,2
"2023-11-27 03:00:00",2,2
"2023-11-27 04:00:00",3,2
"2023-11-27 05:00:00",2,2
"2023-11-27 06:00:00",2,2
"2023-11-27 07:00:00",2,2
"2023-11-27 08:00:00",2,2
"2023-11-27 09:00:00",2,2
"2023-11-27 10:00:00",1,2
"2023-11-27 11:00:00",1,2
"2023-11-27 12:00:00",3,2
"2023-11-27 13:00:00",3,2
"2023-11-27 14:00:00",3,2
"2023-11-27 15:00:00",2,2
"2023-11-27 16:00:00",3,2
"2023-11-27 17:00:00",1,2
"2023-11-27 18:00:00",1,2
"2023-11-27 19:00:00",2,2
"2023-11-27 20:00:00",1,2
"2023-11-27 21:00:00",1,2
"2023-11-27 22:00:00",2,2
"2023-11-27 23:00:00",1,2
"2023-11-28 00:00:00",2,2
"2023-11-28 01:00:00",1,2
"2023-11-28 02:00:00",2,2
"2023-11-28 03:00:00",1,2
"2023-11-28 04:00:00",1,2
"2023-11-28 05:00:00",1,2
"2023-11-28 06:00:00",1,2
"2023-11-28 07:00:00",2,2
"2023-11-28 08:00:00",1,2
"2023-11-28 09:00:00",2,2
"2023-11-28 10:00:00",2,2
"2023-11-28 11:00:00",3,2
"2023-11-28 12:00:00",3,2
"2023-11-28 13:00:00",2,2
"2023-11-28 14:00:00",3,2
"2023-11-28 15:00:00",2,2
"2023-11-28 16:00:00",5,2
"2023-11-28 17:00:00",4,2
"2023-11-28 18:00:00",3,2
"2023-11-28 19:00:00",1,2
"2023-11-28 20:00:00",3,2
"2023-11-28 21:00:00",2,2
"2023-11-28 22:00:00",2,2
"2023-11-28 23:00:00",1,2
"2023-11-29 00:00:00",1,2
"2023-11-29 01:00:00",1,2
"2023-11-29 02:00:00",,2
"2023-11-29 03:00:00",1,2
"2023-11-29 04:00:00",1,2
"2023-11-29 05:00:00",1,2
"2023-11-29 06:00:00",1,2
"2023-11-29 07:00:00",2,2
"2023-11-29 08:00:00",1,2
"2023-11-29 09:00:00",1,2
"2023-11-29 10:00:00",1,2
"2023-11-29 11:00:00",1,2
"2023-11-29 12:00:00",2,2
"2023-11-29 13:00:00",2,2
"2023-11-29 14:00:00",4,2
"2023-11-29 15:00:00",2,2
"2023-11-29 16:00:00",3,2
"2023-11-29 17:00:00",3,2
"2023-11-29 18:00:00",2,2
"2023-11-29 19:00:00",2,2
"2023-11-29 20:00:00",1,2
"2023-11-29 21:00:00",1,2
"2023-11-29 22:00:00",2,2
"2023-11-29 23:00:00",1,2
"2023-11-30 00:00:00",2,2
"2023-11-30 01:00:00",1,2
"2023-11-30 02:00:00",1,2
"2023-11-30 03:00:00",2,2
"2023-11-30 04:00:00",2,2
"2023-11-30 05:00:00",1,2
"2023-11-30 06:00:00",2,2
"2023-11-30 07:00:00",1,2
"2023-11-30 08:00:00",1,2
"2023-11-30 09:00:00",3,2
"2023-11-30 10:00:00",2,2
"2023-11-30 11:00:00",3,2
"2023-11-30 12:00:00",1,2
"2023-11-30 13:00:00",2,2
"2023-11-30 14:00:00",4,2
"2023-11-30 15:00:00",1,2
"2023-11-30 16:00:00",2,2
"2023-11-30 17:00:00",1,2
"2023-11-30 18:00:00",2,2
"2023-11-30 19:00:00",2,2
"2023-11-30 20:00:00",2,2
"2023-11-30 21:00:00",1,2
"2023-11-30 22:00:00",3,2
"2023-11-30 23:00:00",,2
"2023-12-01 00:00:00",,2
"2023-12-01 01:00:00",2,2
"2023-12-01 02:00:00",1,2
"2023-12-01 03:00:00",1,2
"2023-12-01 04:00:00",3,2
"2023-12-01 05:00:00",2,2
"2023-12-01 06:00:00",3,2
"2023-12-01 07:00:00",1,2
"2023-12-01 08:00:00",2,2
"2023-12-01 09:00:00",2,2
"2023-12-01 10:00:00",2,2
"2023-12-01 11:00:00",1,2
"2023-12-01 12:00:00",1,2
"2023-12-01 13:00:00",4,2
"2023-12-01 14:00:00",2,2
"2023-12-01 15:00:00",2,2
"2023-12-01 16:00:00",2,2
"2023-12-01 17:00:00",2,2
"2023-12-01 18:00:00",3,2
"2023-12-01 19:00:00",1,2
"2023-12-01 20:00:00",2,2
"2023-12-01 21:00:00",2,2
"2023-12-01 22:00:00",4,2
"2023-12-01 23:00:00",2,2
"2023-12-02 00:00:00",1,2
"2023-12-02 01:00:00",3,2
"2023-12-02 02:00:00",3,2
"2023-12-02 03:00:00",3,2
"2023-12-02 04:00:00",2,2
"2023-12-02 05:00:00",1,2
"2023-12-02 06:00:00",1,2
"2023-12-02 07:00:00",,2
"2023-12-02 08:00:00",2,3
"2023-12-02 09:00:00",2,3
"2023-12-02 10:00:00",3,3
"2023-12-02 11:00:00",2,3
"2023-12-02 12:00:00",3,3
"2023-12-02 13:00:00",2,3
"2023-12-02 14:00:00",3,3
"2023-12-02 15:00:00",3,3
"2023-12-02 16:00:00",4,3
"2023-12-02 17:00:00",3,3
"2023-12-02 18:00:00",4,3
"2023-12-02 19:00:00",2,3
"2023-12-02 20:00:00",2,3
"2023-12-02 21:00:00",4,3
"2023-12-02 22:00:00",5,3
"2023-12-02 23:00:00",2,3
"2023-12-03 00:00:00",2,3
"2023-12-03 01:00:00",4,3
"2023-12-03 02:00:00",4,3
"2023-12-03 03:00:00",2,3
"2023-12-03 04:00:00",2,3
"2023-12-03 05:00:00",2,3
"2023-12-03 06:00:00",4,3
"2023-12-03 07:00:00",3,3
"2023-12-03 08:00:00",2,3
"2023-12-03 09:00:00",3,3
"2023-12-03 10:00:00",5,3
"2023-12-03 11:00:00",4,3
"2023-12-03 12:00:00",4,3
"2023-12-03 13:00:00",3,3
"2023-12-03 14:00:00",4,3
"2023-12-03 15:00:00",3,3
"2023-12-03 16:00:00",3,3
"2023-12-03 17:00:00",4,3
"2023-12-03 18:00:00",4,3
"2023-12-03 19:00:00",4,2
"2023-12-03 20:00:00",3,2
"2023-12-03 21:00:00",3,2
"2023-12-03 22:00:00",6,2
"2023-12-03 23:00:00",3,2
"2023-12-04 00:00:00",2,2
"2023-12-04 01:00:00",1,2
"2023-12-04 02:00:00",2,2
"2023-12-04 03:00:00",1,2
"2023-12-04 04:00:00",,2
"2023-12-04 05:00:00",,2
"2023-12-04 06:00:00",1,2
"2023-12-04 07:00:00",1,2
"2023-12-04 08:00:00",1,2
"2023-12-04 09:00:00",1,2
"2023-12-04 10:00:00",1,2
"2023-12-04 11:00:00",1,2
"2023-12-04 12:00:00",,2
"2023-12-04 13:00:00",2,2
"2023-12-04 14:00:00",3,2
"2023-12-04 15:00:00",4,2
"2023-12-04 16:00:00",2,2
"2023-12-04 17:00:00",2,2
"2023-12-04 18:00:00",1,2
"2023-12-04 19:00:00",3,2
"2023-12-04 20:00:00",3,2
"2023-12-04 21:00:00",2,2
"2023-12-04 22:00:00",3,2
"2023-12-04 23:00:00",2,2
"2023-12-05 00:00:00",2,2
"2023-12-05 01:00:00",1,2
"2023-12-05 02:00:00",1,2
"2023-12-05 03:00:00",3,2
"2023-12-05 04:00:00",3,2
"2023-12-05 05:00:00",2,2
"2023-12-05 06:00:00",2,2
"2023-12-05 07:00:00",1,2
"2023-12-05 08:00:00",3,2
"2023-12-05 09:00:00",2,2
"2023-12-05 10:00:00",2,2
"2023-12-05 11:00:00",5,2
"2023-12-05 12:00:00",5,2
"2023-12-05 13:00:00",1,2
"2023-12-05 14:00:00",2,2
"2023-12-05 15:00:00",3,2
"2023-12-05 16:00:00",1,2
"2023-12-05 17:00:00",2,2
"2023-12-05 18:00:00",1,2
"2023-12-05 19:00:00",2,2
"2023-12-05 20:00:00",1,2
"2023-12-05 21:00:00",,2
"2023-12-05 22:00:00",1,2
"2023-12-05 23:00:00",2,2
"2023-12-06 00:00:00",1,2
"2023-12-06 01:00:00",1,2
"2023-12-06 02:00:00",1,2
"2023-12-06 03:00:00",1,2
"2023-12-06 04:00:00",1,2
"2023-12-06 05:00:00",2,2
"2023-12-06 06:00:00",2,2
"2023-12-06 07:00:00",3,2
"2023-12-06 08:00:00",2,2
"2023-12-06 09:00:00",3,2
"2023-12-06 10:00:00",,2
"2023-12-06 11:00:00",1,1
"2023-12-06 12:00:00",4,1
"2023-12-06 13:00:00",1,1
"2023-12-06 14:00:00",3,1
"2023-12-06 15:00:00",2,1
"2023-12-06 16:00:00",,1
"2023-12-06 17:00:00",2,1
"2023-12-06 18:00:00",3,1
"2023-12-06 19:00:00",1,1
"2023-12-06 20:00:00",1,2
"2023-12-06 21:00:00",1,2
"2023-12-06 22:00:00",1,2
"2023-12-06 23:00:00",1,2
"2023-12-07 00:00:00",2,2
"2023-12-07 01:00:00",2,2
"2023-12-07 02:00:00",,2
"2023-12-07 03:00:00",,2
"2023-12-07 04:00:00",1,2
"2023-12-07 05:00:00",1,2
"2023-12-07 06:00:00",1,2
"2023-12-07 07:00:00",1,2
"2023-12-07 08:00:00",1,2
"2023-12-07 09:00:00",,2
"2023-12-07 10:00:00",,2
"2023-12-07 11:00:00",1,2
"2023-12-07 12:00:00",1,2
"2023-12-07 13:00:00",1,2
"2023-12-07 14:00:00",2,2
"2023-12-07 15:00:00",2,2
"2023-12-07 16:00:00",3,2
"2023-12-07 17:00:00",4,2
"2023-12-07 18:00:00",4,2
"2023-12-07 19:00:00",3,2
"2023-12-07 20:00:00",3,2
"2023-12-07 21:00:00",3,2
"2023-12-07 22:00:00",3,2
"2023-12-07 23:00:00",1,2
"2023-12-08 00:00:00",1,2
"2023-12-08 01:00:00",,2
"2023-12-08 02:00:00",1,2
"2023-12-08 03:00:00",1,2
"2023-12-08 04:00:00",2,2
"2023-12-08 05:00:00",1,2
"2023-12-08 06:00:00",2,2
"2023-12-08 07:00:00",3,2
"2023-12-08 08:00:00",2,2
"2023-12-08 09:00:00",3,2
"2023-12-08 10:00:00",4,2
"2023-12-08 11:00:00",2,2
"2023-12-08 12:00:00",2,2
"2023-12-08 13:00:00",4,2
"2023-12-08 14:00:00",5,3
"2023-12-08 15:00:00",3,3
"2023-12-08 16:00:00",3,3
"2023-12-08 17:00:00",4,3
"2023-12-08 18:00:00",4,3
"2023-12-08 19:00:00",2,2
"2023-12-08 20:00:00",3,3
"2023-12-08 21:00:00",4,3
"2023-12-08 22:00:00",5,3
"2023-12-08 23:00:00",2,3
"2023-12-09 00:00:00",4,3
"2023-12-09 01:00:00",1,3
"2023-12-09 02:00:00",,3
"2023-12-09 03:00:00",1,3
"2023-12-09 04:00:00",1,3
"2023-12-09 05:00:00",,3
"2023-12-09 06:00:00",2,3
"2023-12-09 07:00:00",4,3
"2023-12-09 08:00:00",2,3
"2023-12-09 09:00:00",2,3
"2023-12-09 10:00:00",3,3
"2023-12-09 11:00:00",3,3
"2023-12-09 12:00:00",3,3
"2023-12-09 13:00:00",5,3
"2023-12-09 14:00:00",4,3
"2023-12-09 15:00:00",3,3
"2023-12-09 16:00:00",2,3
"2023-12-09 17:00:00",4,3
"2023-12-09 18:00:00",1,3
"2023-12-09 19:00:00",3,3
"2023-12-09 20:00:00",3,3
"2023-12-09 21:00:00",4,3
"2023-12-09 22:00:00",2,3
"2023-12-09 23:00:00",4,3
"2023-12-10 00:00:00",4,3
"2023-12-10 01:00:00",4,3
"2023-12-10 02:00:00",5,3
"2023-12-10 03:00:00",3,3
"2023-12-10 04:00:00",2,3
"2023-12-10 05:00:00",3,3
"2023-12-10 06:00:00",3,3
"2023-12-10 07:00:00",3,3
"2023-12-10 08:00:00",3,3
"2023-12-10 09:00:00",2,3
"2023-12-10 10:00:00",3,3
"2023-12-10 11:00:00",3,3
"2023-12-10 12:00:00",4,3
"2023-12-10 13:00:00",6,3
"2023-12-10 14:00:00",4,3
"2023-12-10 15:00:00",3,3
"2023-12-10 16:00:00",4,3
"2023-12-10 17:00:00",7,3
"2023-12-10 18:00:00",5,3
"2023-12-10 19:00:00",5,3
"2023-12-10 20:00:00",5,3
"2023-12-10 21:00:00",4,3
"2023-12-10 22:00:00",4,3
"2023-12-10 23:00:00",5,3
"2023-12-11 00:00:00",2,3
"2023-12-11 01:00:00",2,3
"2023-12-11 02:00:00",1,3
"2023-12-11 03:00:00",2,3
"2023-12-11 04:00:00",2,3
"2023-12-11 05:00:00",3,3
"2023-12-11 06:00:00",2,3
"2023-12-11 07:00:00",3,3
"2023-12-11 08:00:00",4,3
"2023-12-11 09:00:00",3,3
"2023-12-11 10:00:00",3,3
"2023-12-11 11:00:00",2,3
"2023-12-11 12:00:00",2,3
"2023-12-11 13:00:00",2,3
"2023-12-11 14:00:00",4,3
"2023-12-11 15:00:00",2,3
"2023-12-11 16:00:00",3,3
"2023-12-11 17:00:00",3,3
"2023-12-11 18:00:00",3,3
"2023-12-11 19:00:00",2,3
"2023-12-11 20:00:00",2,2
"2023-12-11 21:00:00",3,2
"2023-12-11 22:00:00",3,2
"2023-12-11 23:00:00",1,2
"2023-12-12 00:00:00",2,2
"2023-12-12 01:00:00",2,2
"2023-12-12 02:00:00",1,2
"2023-12-12 03:00:00",3,2
"2023-12-12 04:00:00",2,2
"2023-12-12 05:00:00",1,2
"2023-12-12 06:00:00",4,2
"2023-12-12 07:00:00",1,2
"2023-12-12 08:00:00",2,2
"2023-12-12 09:00:00",2,2
"2023-12-12 10:00:00",1,2
"2023-12-12 11:00:00",2,2
"2023-12-12 12:00:00",1,2
"2023-12-12 13:00:00",2,2
"2023-12-12 14:00:00",4,2
"2023-12-12 15:00:00",2,2
"2023-12-12 16:00:00",3,2
"2023-12-12 17:00:00",1,2
"2023-12-12 18:00:00",1,2
"2023-12-12 19:00:00",2,2
"2023-12-12 20:00:00",1,2
"2023-12-12 21:00:00",3,2
"2023-12-12 22:00:00",3,2
"2023-12-12 23:00:00",2,2
"2023-12-13 00:00:00",1,2
"2023-12-13 01:00:00",2,2
"2023-12-13 02:00:00",3,2
"2023-12-13 03:00:00",1,2
"2023-12-13 04:00:00",1,2
"2023-12-13 05:00:00",1,2
"2023-12-13 06:00:00",2,2
"2023-12-13 07:00:00",2,2
"2023-12-13 08:00:00",1,2
"2023-12-13 09:00:00",1,2
"2023-12-13 10:00:00",2,2
"2023-12-13 11:00:00",1,2
"2023-12-13 12:00:00",2,2
"2023-12-13 13:00:00",4,2
"2023-12-13 14:00:00",3,2
"2023-12-13 15:00:00",3,2
"2023-12-13 16:00:00",4,2
"2023-12-13 17:00:00",3,2
"2023-12-13 18:00:00",5,2
"2023-12-13 19:00:00",3,2
"2023-12-13 20:00:00",5,2
"2023-12-13 21:00:00",3,2
"2023-12-13 22:00:00",3,2
"2023-12-13 23:00:00",1,2
"2023-12-14 00:00:00",2,2
"2023-12-14 01:00:00",1,2
"2023-12-14 02:00:00",1,2
"2023-12-14 03:00:00",1,2
"2023-12-14 04:00:00",1,2
"2023-12-14 05:00:00",1,2
"2023-12-14 06:00:00",1,2
"2023-12-14 07:00:00",2,2
"2023-12-14 08:00:00",2,2
"2023-12-14 09:00:00",1,2
"2023-12-14 09:40:00",1,
"2023-12-14 09:50:00",1,
"2023-12-14 10:00:00",3,2
"2023-12-14 10:10:00",1,
"2023-12-14 10:20:00",1,
"2023-12-14 10:30:00",1,
"2023-12-14 10:40:00",1,
"2023-12-14 10:50:00",2,
"2023-12-14 11:00:00",2,2
"2023-12-14 11:10:00",1,
"2023-12-14 11:20:00",1,
"2023-12-14 11:30:00",3,
"2023-12-14 11:40:00",,
"2023-12-14 11:50:00",1,
"2023-12-14 12:00:00",,2
"2023-12-14 12:10:00",,
"2023-12-14 12:20:00",,
"2023-12-14 12:30:00",2,
"2023-12-14 12:40:00",3,
"2023-12-14 12:50:00",,
"2023-12-14 13:00:00",1,2
"2023-12-14 13:10:00",1,
"2023-12-14 13:20:00",,
"2023-12-14 13:30:00",1,
"2023-12-14 13:40:00",,
"2023-12-14 13:50:00",1,
"2023-12-14 14:00:00",1,2
"2023-12-14 14:10:00",,
"2023-12-14 14:20:00",,
"2023-12-14 14:30:00",,
"2023-12-14 14:40:00",,
"2023-12-14 14:50:00",1,
"2023-12-14 15:00:00",1,2
"2023-12-14 15:10:00",1,
"2023-12-14 15:20:00",2,
"2023-12-14 15:30:00",2,
"2023-12-14 15:40:00",1,
"2023-12-14 15:50:00",2,
"2023-12-14 16:00:00",2,2
"2023-12-14 16:10:00",3,
"2023-12-14 16:20:00",3,
"2023-12-14 16:30:00",3,
"2023-12-14 16:40:00",2,
"2023-12-14 16:50:00",1,
"2023-12-14 17:00:00",,2
"2023-12-14 17:10:00",,
"2023-12-14 17:20:00",,
"2023-12-14 17:30:00",,
"2023-12-14 17:40:00",1,
"2023-12-14 17:50:00",2,
"2023-12-14 18:00:00",1,2
"2023-12-14 18:10:00",1,
"2023-12-14 18:20:00",3,
"2023-12-14 18:30:00",3,
"2023-12-14 18:40:00",3,
"2023-12-14 18:50:00",3,
"2023-12-14 19:00:00",1,2
"2023-12-14 19:10:00",2,
"2023-12-14 19:20:00",2,
"2023-12-14 19:30:00",2,
"2023-12-14 19:40:00",3,
"2023-12-14 19:50:00",2,
"2023-12-14 20:00:00",2,2
"2023-12-14 20:10:00",,
"2023-12-14 20:20:00",1,
"2023-12-14 20:30:00",,
"2023-12-14 20:40:00",2,
"2023-12-14 20:50:00",3,
"2023-12-14 21:00:00",2,2
"2023-12-14 21:10:00",2,
"2023-12-14 21:20:00",2,
"2023-12-14 21:30:00",3,
"2023-12-14 21:40:00",1,
"2023-12-14 21:50:00",1,
"2023-12-14 22:00:00",1,2
"2023-12-14 22:10:00",,
"2023-12-14 22:20:00",,
"2023-12-14 22:30:00",,
"2023-12-14 22:40:00",,
"2023-12-14 22:50:00",,
"2023-12-14 23:00:00",,2
"2023-12-14 23:10:00",1,
"2023-12-14 23:20:00",2,
"2023-12-14 23:30:00",,
"2023-12-14 23:40:00",,
"2023-12-14 23:50:00",,
"2023-12-15 00:00:00",,2
"2023-12-15 00:10:00",1,
"2023-12-15 00:20:00",,
"2023-12-15 00:30:00",,
"2023-12-15 00:40:00",,
"2023-12-15 00:50:00",,
"2023-12-15 01:00:00",1,2
"2023-12-15 01:10:00",1,
"2023-12-15 01:20:00",,
"2023-12-15 01:30:00",,
"2023-12-15 01:40:00",,
"2023-12-15 01:50:00",1,
"2023-12-15 02:00:00",2,2
"2023-12-15 02:10:00",1,
"2023-12-15 02:20:00",1,
"2023-12-15 02:30:00",,
"2023-12-15 02:40:00",1,
"2023-12-15 02:50:00",2,
"2023-12-15 03:00:00",,2
"2023-12-15 03:10:00",1,
"2023-12-15 03:20:00",,
"2023-12-15 03:30:00",,
"2023-12-15 03:40:00",,
"2023-12-15 03:50:00",,
"2023-12-15 04:00:00",,2
"2023-12-15 04:10:00",,
"2023-12-15 04:20:00",1,
"2023-12-15 04:30:00",2,
"2023-12-15 04:40:00",2,
"2023-12-15 04:50:00",2,
"2023-12-15 05:00:00",1,2
"2023-12-15 05:10:00",1,
"2023-12-15 05:20:00",1,
"2023-12-15 05:30:00",2,
"2023-12-15 05:40:00",1,
"2023-12-15 05:50:00",,
"2023-12-15 06:00:00",1,2
"2023-12-15 06:10:00",,
"2023-12-15 06:20:00",1,
"2023-12-15 06:30:00",,
"2023-12-15 06:40:00",,
"2023-12-15 06:50:00",,
"2023-12-15 07:00:00",1,2
"2023-12-15 07:10:00",,
"2023-12-15 07:20:00",,
"2023-12-15 07:30:00",,
"2023-12-15 07:40:00",,
"2023-12-15 07:50:00",1,
"2023-12-15 08:00:00",,2
"2023-12-15 08:10:00",2,
"2023-12-15 08:20:00",1,
"2023-12-15 08:30:00",,
"2023-12-15 08:40:00",1,
"2023-12-15 08:50:00",,
"2023-12-15 09:00:00",,2
"2023-12-15 09:10:00",1,
"2023-12-15 09:20:00",1,
"2023-12-15 09:30:00",1,
"2023-12-15 09:40:00",1,
"2023-12-15 09:50:00",2,
"2023-12-15 10:00:00",1,2
"2023-12-15 10:10:00",1,
"2023-12-15 10:20:00",,
"2023-12-15 10:30:00",,
"2023-12-15 10:40:00",1,
"2023-12-15 10:50:00",3,
"2023-12-15 11:00:00",2,2
"2023-12-15 11:10:00",2,
"2023-12-15 11:20:00",2,
"2023-12-15 11:30:00",1,
"2023-12-15 11:40:00",1,
"2023-12-15 11:50:00",1,
"2023-12-15 12:00:00",3,2
"2023-12-15 12:10:00",2,
"2023-12-15 12:20:00",3,
"2023-12-15 12:30:00",3,
"2023-12-15 12:40:00",3,
"2023-12-15 12:50:00",4,
"2023-12-15 13:00:00",4,2
"2023-12-15 13:10:00",3,
"2023-12-15 13:20:00",6,
"2023-12-15 13:30:00",3,
"2023-12-15 13:40:00",6,
"2023-12-15 13:50:00",3,
"2023-12-15 14:00:00",3,3
"2023-12-15 14:10:00",3,
"2023-12-15 14:20:00",4,
"2023-12-15 14:30:00",3,
"2023-12-15 14:40:00",4,
"2023-12-15 14:50:00",3,
"2023-12-15 15:00:00",3,3
"2023-12-15 15:10:00",3,
"2023-12-15 15:20:00",4,
"2023-12-15 15:30:00",3,
"2023-12-15 15:40:00",3,
"2023-12-15 15:50:00",3,
"2023-12-15 16:00:00",2,3
"2023-12-15 16:10:00",2,
"2023-12-15 16:20:00",2,
"2023-12-15 16:30:00",2,
"2023-12-15 16:40:00",3,
"2023-12-15 16:50:00",4,
"2023-12-15 17:00:00",3,3
"2023-12-15 17:10:00",2,
"2023-12-15 17:20:00",5,
"2023-12-15 17:30:00",5,
"2023-12-15 17:40:00",3,
"2023-12-15 17:50:00",3,
"2023-12-15 18:00:00",4,3
"2023-12-15 18:10:00",2,
"2023-12-15 18:20:00",4,
"2023-12-15 18:30:00",3,
"2023-12-15 18:40:00",2,
"2023-12-15 18:50:00",3,
"2023-12-15 19:00:00",2,3
"2023-12-15 19:10:00",2,
"2023-12-15 19:20:00",3,
"2023-12-15 19:30:00",4,
"2023-12-15 19:40:00",4,
"2023-12-15 19:50:00",3,
"2023-12-15 20:00:00",4,3
"2023-12-15 20:10:00",4,
"2023-12-15 20:20:00",4,
"2023-12-15 20:30:00",5,
"2023-12-15 20:40:00",6,
"2023-12-15 20:50:00",3,
"2023-12-15 21:00:00",5,3
"2023-12-15 21:10:00",3,
"2023-12-15 21:20:00",3,
"2023-12-15 21:30:00",5,
"2023-12-15 21:40:00",6,
"2023-12-15 21:50:00",3,
"2023-12-15 22:00:00",4,3
"2023-12-15 22:10:00",4,
"2023-12-15 22:20:00",5,
"2023-12-15 22:30:00",5,
"2023-12-15 22:40:00",5,
"2023-12-15 22:50:00",4,
"2023-12-15 23:00:00",5,3
"2023-12-15 23:10:00",5,
"2023-12-15 23:20:00",3,
"2023-12-15 23:30:00",4,
"2023-12-15 23:40:00",3,
"2023-12-15 23:50:00",4,
"2023-12-16 00:00:00",4,3
"2023-12-16 00:10:00",1,
"2023-12-16 00:20:00",2,
"2023-12-16 00:30:00",3,
"2023-12-16 00:40:00",3,
"2023-12-16 00:50:00",2,
"2023-12-16 01:00:00",3,3
"2023-12-16 01:10:00",2,
"2023-12-16 01:20:00",3,
"2023-12-16 01:30:00",2,
"2023-12-16 01:40:00",3,
"2023-12-16 01:50:00",2,
"2023-12-16 02:00:00",2,3
"2023-12-16 02:10:00",2,
"2023-12-16 02:20:00",2,
"2023-12-16 02:30:00",2,
"2023-12-16 02:40:00",3,
"2023-12-16 02:50:00",2,
"2023-12-16 03:00:00",2,3
"2023-12-16 03:10:00",2,
"2023-12-16 03:20:00",3,
"2023-12-16 03:30:00",3,
"2023-12-16 03:40:00",2,
"2023-12-16 03:50:00",2,
"2023-12-16 04:00:00",1,3
"2023-12-16 04:10:00",1,
"2023-12-16 04:20:00",1,
"2023-12-16 04:30:00",1,
"2023-12-16 04:40:00",1,
"2023-12-16 04:50:00",1,
"2023-12-16 05:00:00",1,3
"2023-12-16 05:10:00",2,
"2023-12-16 05:20:00",2,
"2023-12-16 05:30:00",1,
"2023-12-16 05:40:00",2,
"2023-12-16 05:50:00",2,
"2023-12-16 06:00:00",2,3
"2023-12-16 06:10:00",2,
"2023-12-16 06:20:00",3,
"2023-12-16 06:30:00",1,
"2023-12-16 06:40:00",1,
"2023-12-16 06:50:00",3,
"2023-12-16 07:00:00",3,4
"2023-12-16 07:10:00",2,
"2023-12-16 07:20:00",3,
"2023-12-16 07:30:00",2,
"2023-12-16 07:40:00",1,
"2023-12-16 07:50:00",1,
"2023-12-16 08:00:00",2,4
"2023-12-16 08:10:00",1,
"2023-12-16 08:20:00",1,
"2023-12-16 08:30:00",2,
"2023-12-16 08:40:00",1,
"2023-12-16 08:50:00",1,
"2023-12-16 09:00:00",4,4
"2023-12-16 09:10:00",2,
"2023-12-16 09:20:00",3,
"2023-12-16 09:30:00",2,
"2023-12-16 09:40:00",3,
"2023-12-16 09:50:00",3,
"2023-12-16 10:00:00",2,4
"2023-12-16 10:10:00",2,
"2023-12-16 10:20:00",2,
"2023-12-16 10:30:00",2,
"2023-12-16 10:40:00",2,
"2023-12-16 10:50:00",1,
"2023-12-16 11:00:00",3,4
"2023-12-16 11:10:00",1,
"2023-12-16 11:20:00",2,
"2023-12-16 11:30:00",1,
"2023-12-16 11:40:00",1,
"2023-12-16 11:50:00",2,
"2023-12-16 12:00:00",1,4
"2023-12-16 12:10:00",2,
"2023-12-16 12:20:00",1,
"2023-12-16 12:30:00",1,
"2023-12-16 12:40:00",2,
"2023-12-16 12:50:00",2,
"2023-12-16 13:00:00",2,4
"2023-12-16 13:10:00",4,
"2023-12-16 13:20:00",2,
"2023-12-16 13:30:00",2,
"2023-12-16 13:40:00",1,
"2023-12-16 13:50:00",1,
"2023-12-16 14:00:00",2,3
"2023-12-16 14:10:00",2,
"2023-12-16 14:20:00",2,
"2023-12-16 14:30:00",1,
"2023-12-16 14:40:00",2,
"2023-12-16 14:50:00",1,
"2023-12-16 15:00:00",1,3
"2023-12-16 15:10:00",2,
"2023-12-16 15:20:00",1,
"2023-12-16 15:30:00",2,
"2023-12-16 15:40:00",4,
"2023-12-16 15:50:00",4,
"2023-12-16 16:00:00",2,3
"2023-12-16 16:10:00",1,
"2023-12-16 16:20:00",2,
"2023-12-16 16:30:00",2,
"2023-12-16 16:40:00",1,
"2023-12-16 16:50:00",1,
"2023-12-16 17:00:00",4,3
"2023-12-16 17:10:00",4,
"2023-12-16 17:20:00",2,
"2023-12-16 17:30:00",2,
"2023-12-16 17:40:00",2,
"2023-12-16 17:50:00",7,
"2023-12-16 18:00:00",3,3
"2023-12-16 18:10:00",2,
"2023-12-16 18:20:00",2,
"2023-12-16 18:30:00",3,
"2023-12-16 18:40:00",1,
"2023-12-16 18:50:00",3,
"2023-12-16 19:00:00",1,3
"2023-12-16 19:10:00",1,
"2023-12-16 19:20:00",1,
"2023-12-16 19:30:00",2,
"2023-12-16 19:40:00",1,
"2023-12-16 19:50:00",4,
"2023-12-16 20:00:00",4,3
"2023-12-16 20:10:00",4,
"2023-12-16 20:20:00",6,
"2023-12-16 20:30:00",3,
"2023-12-16 20:40:00",2,
"2023-12-16 20:50:00",3,
"2023-12-16 21:00:00",5,3
"2023-12-16 21:10:00",2,
"2023-12-16 21:20:00",2,
"2023-12-16 21:30:00",2,
"2023-12-16 21:40:00",2,
"2023-12-16 21:50:00",3,
"2023-12-16 22:00:00",4,3
"2023-12-16 22:10:00",4,
"2023-12-16 22:20:00",5,
"2023-12-16 22:30:00",2,
"2023-12-16 22:40:00",2,
"2023-12-16 22:50:00",2,
"2023-12-16 23:00:00",3,3
"2023-12-16 23:10:00",2,
"2023-12-16 23:20:00",2,
"2023-12-16 23:30:00",2,
"2023-12-16 23:40:00",1,
"2023-12-16 23:50:00",4,
"2023-12-17 00:00:00",2,3
"2023-12-17 00:10:00",2,
"2023-12-17 00:20:00",2,
"2023-12-17 00:30:00",2,
"2023-12-17 00:40:00",1,
"2023-12-17 00:50:00",1,
"2023-12-17 01:00:00",2,3
"2023-12-17 01:10:00",1,
"2023-12-17 01:20:00",2,
"2023-12-17 01:30:00",2,
"2023-12-17 01:40:00",,
"2023-12-17 01:50:00",,
"2023-12-17 02:00:00",,3
"2023-12-17 02:10:00",1,
"2023-12-17 02:20:00",,
"2023-12-17 02:30:00",,
"2023-12-17 02:40:00",,
"2023-12-17 02:50:00",,
"2023-12-17 03:00:00",,3
"2023-12-17 03:10:00",,
"2023-12-17 03:20:00",,
"2023-12-17 03:30:00",1,
"2023-12-17 03:40:00",1,
"2023-12-17 03:50:00",1,
"2023-12-17 04:00:00",,3
"2023-12-17 04:10:00",,
"2023-12-17 04:20:00",1,
"2023-12-17 04:30:00",1,
"2023-12-17 04:40:00",,
"2023-12-17 04:50:00",1,
"2023-12-17 05:00:00",2,3
"2023-12-17 05:10:00",2,
"2023-12-17 05:20:00",,
"2023-12-17 05:30:00",1,
"2023-12-17 05:40:00",2,
"2023-12-17 05:50:00",2,
"2023-12-17 06:00:00",,3
"2023-12-17 06:10:00",,
"2023-12-17 06:20:00",1,
"2023-12-17 06:30:00",3,
"2023-12-17 06:40:00",1,
"2023-12-17 06:50:00",2,
"2023-12-17 07:00:00",1,3
"2023-12-17 07:10:00",2,
"2023-12-17 07:20:00",1,
"2023-12-17 07:30:00",,
"2023-12-17 07:40:00",,
"2023-12-17 07:50:00",1,
"2023-12-17 08:00:00",1,3
"2023-12-17 08:10:00",,
"2023-12-17 08:20:00",2,
"2023-12-17 08:30:00",1,
"2023-12-17 08:40:00",1,
"2023-12-17 08:50:00",2,
"2023-12-17 09:00:00",3,3
"2023-12-17 09:10:00",2,
"2023-12-17 09:20:00",4,
"2023-12-17 09:30:00",3,
"2023-12-17 09:40:00",2,
"2023-12-17 09:50:00",2,
"2023-12-17 10:00:00",3,3
"2023-12-17 10:10:00",4,
"2023-12-17 10:20:00",,
"2023-12-17 10:30:00",,
"2023-12-17 10:40:00",,
"2023-12-17 10:50:00",,
"2023-12-17 11:00:00",1,3
"2023-12-17 11:10:00",,
"2023-12-17 11:20:00",,
"2023-12-17 11:30:00",2,
"2023-12-17 11:40:00",2,
"2023-12-17 11:50:00",2,
"2023-12-17 12:00:00",2,3
"2023-12-17 12:10:00",1,
"2023-12-17 12:20:00",1,
"2023-12-17 12:30:00",1,
"2023-12-17 12:40:00",1,
"2023-12-17 12:50:00",1,
"2023-12-17 13:00:00",,3
"2023-12-17 13:10:00",1,
"2023-12-17 13:20:00",1,
"2023-12-17 13:30:00",1,
"2023-12-17 13:40:00",3,
"2023-12-17 13:50:00",,
"2023-12-17 14:00:00",1,3
"2023-12-17 14:10:00",1,
"2023-12-17 14:20:00",,
"2023-12-17 14:30:00",,
"2023-12-17 14:40:00",,
"2023-12-17 14:50:00",,
"2023-12-17 15:00:00",1,3
"2023-12-17 15:10:00",1,
"2023-12-17 15:20:00",1,
"2023-12-17 15:30:00",2,
"2023-12-17 15:40:00",,
"2023-12-17 15:50:00",,
"2023-12-17 16:00:00",1,3
"2023-12-17 16:10:00",1,
"2023-12-17 16:20:00",2,
"2023-12-17 16:30:00",1,
"2023-12-17 16:40:00",1,
"2023-12-17 16:50:00",1,
"2023-12-17 17:00:00",1,3
"2023-12-17 17:10:00",1,
"2023-12-17 17:20:00",3,
"2023-12-17 17:30:00",1,
"2023-12-17 17:40:00",1,
"2023-12-17 17:50:00",1,
"2023-12-17 18:00:00",1,3
"2023-12-17 18:10:00",1,
"2023-12-17 18:20:00",2,
"2023-12-17 18:30:00",2,
"2023-12-17 18:40:00",2,
"2023-12-17 18:50:00",3,
"2023-12-17 19:00:00",5,3
"2023-12-17 19:10:00",5,
"2023-12-17 19:20:00",3,
"2023-12-17 19:30:00",3,
"2023-12-17 19:40:00",2,
"2023-12-17 19:50:00",2,
"2023-12-17 20:00:00",2,3
"2023-12-17 20:10:00",2,
"2023-12-17 20:20:00",3,
"2023-12-17 20:30:00",4,
"2023-12-17 20:40:00",4,
"2023-12-17 20:50:00",3,
"2023-12-17 21:00:00",2,3
"2023-12-17 21:10:00",2,
"2023-12-17 21:20:00",3,
"2023-12-17 21:30:00",2,
"2023-12-17 21:40:00",5,
"2023-12-17 21:50:00",3,
"2023-12-17 22:00:00",4,3
"2023-12-17 22:10:00",2,
"2023-12-17 22:20:00",2,
"2023-12-17 22:30:00",1,
"2023-12-17 22:40:00",1,
"2023-12-17 22:50:00",1,
"2023-12-17 23:00:00",1,2
"2023-12-17 23:10:00",2,
"2023-12-17 23:20:00",1,
"2023-12-17 23:30:00",1,
"2023-12-17 23:40:00",1,
"2023-12-17 23:50:00",2,
"2023-12-18 00:00:00",1,2
"2023-12-18 00:10:00",1,
"2023-12-18 00:20:00",1,
"2023-12-18 00:30:00",1,
"2023-12-18 00:40:00",1,
"2023-12-18 00:50:00",1,
"2023-12-18 01:00:00",1,3
"2023-12-18 01:10:00",1,
"2023-12-18 01:20:00",2,
"2023-12-18 01:30:00",2,
"2023-12-18 01:40:00",4,
"2023-12-18 01:50:00",2,
"2023-12-18 02:00:00",2,3
"2023-12-18 02:10:00",3,
"2023-12-18 02:20:00",3,
"2023-12-18 02:30:00",2,
"2023-12-18 02:40:00",2,
"2023-12-18 02:50:00",2,
"2023-12-18 03:00:00",3,3
"2023-12-18 03:10:00",1,
"2023-12-18 03:20:00",2,
"2023-12-18 03:30:00",1,
"2023-12-18 03:40:00",2,
"2023-12-18 03:50:00",,
"2023-12-18 04:00:00",2,3
"2023-12-18 04:10:00",1,
"2023-12-18 04:20:00",,
"2023-12-18 04:30:00",,
"2023-12-18 04:40:00",,
"2023-12-18 04:50:00",,
"2023-12-18 05:00:00",,3
"2023-12-18 05:10:00",1,
"2023-12-18 05:20:00",,
"2023-12-18 05:30:00",,
"2023-12-18 05:40:00",,
"2023-12-18 05:50:00",1,
"2023-12-18 06:00:00",1,3
"2023-12-18 06:10:00",,
"2023-12-18 06:20:00",,
"2023-12-18 06:30:00",,
"2023-12-18 06:40:00",,
"2023-12-18 06:50:00",1,
"2023-12-18 07:00:00",,3
"2023-12-18 07:10:00",,
"2023-12-18 07:20:00",,
"2023-12-18 07:30:00",1,
"2023-12-18 07:40:00",,
"2023-12-18 07:50:00",,
"2023-12-18 08:00:00",,3
"2023-12-18 08:10:00",,
"2023-12-18 08:20:00",,
"2023-12-18 08:30:00",1,
"2023-12-18 08:40:00",,
"2023-12-18 08:50:00",,
"2023-12-18 09:00:00",,2
"2023-12-18 09:10:00",,
"2023-12-18 09:20:00",,
"2023-12-18 09:30:00",1,
"2023-12-18 09:40:00",,
"2023-12-18 09:50:00",1,
"2023-12-18 10:00:00",1,2
"2023-12-18 10:10:00",1,
"2023-12-18 10:20:00",,
"2023-12-18 10:30:00",2,
"2023-12-18 10:40:00",1,
"2023-12-18 10:50:00",,
"2023-12-18 11:00:00",,2
"2023-12-18 11:10:00",,
"2023-12-18 11:20:00",,
"2023-12-18 11:30:00",,
"2023-12-18 11:40:00",1,
"2023-12-18 11:50:00",1,
"2023-12-18 12:00:00",2,2
"2023-12-18 12:10:00",1,
"2023-12-18 12:20:00",1,
"2023-12-18 12:30:00",,
"2023-12-18 12:40:00",,
"2023-12-18 12:50:00",,
"2023-12-18 13:00:00",,2
"2023-12-18 13:10:00",,
"2023-12-18 13:20:00",1,
"2023-12-18 13:30:00",1,
"2023-12-18 13:40:00",,
"2023-12-18 13:50:00",,
"2023-12-18 14:00:00",,2
"2023-12-18 14:10:00",,
"2023-12-18 14:20:00",1,
"2023-12-18 14:30:00",2,
"2023-12-18 14:40:00",1,
"2023-12-18 14:50:00",2,
"2023-12-18 15:00:00",,2
"2023-12-18 15:10:00",1,
"2023-12-18 15:20:00",1,
"2023-12-18 15:30:00",,
"2023-12-18 15:40:00",,
"2023-12-18 15:50:00",,
"2023-12-18 16:00:00",,2
"2023-12-18 16:10:00",1,
"2023-12-18 16:20:00",1,
"2023-12-18 16:30:00",,
"2023-12-18 16:40:00",2,
"2023-12-18 16:50:00",,
"2023-12-18 17:00:00",,2
"2023-12-18 17:10:00",,
"2023-12-18 17:20:00",1,
"2023-12-18 17:30:00",,
"2023-12-18 17:40:00",2,
"2023-12-18 17:50:00",,
"2023-12-18 18:00:00",,2
"2023-12-18 18:10:00",,
"2023-12-18 18:20:00",3,
"2023-12-18 18:30:00",,
"2023-12-18 18:40:00",1,
"2023-12-18 18:50:00",1,
"2023-12-18 19:00:00",,2
"2023-12-18 19:10:00",,
"2023-12-18 19:20:00",1,
"2023-12-18 19:30:00",,
"2023-12-18 19:40:00",1,
"2023-12-18 19:50:00",1,
"2023-12-18 20:00:00",,2
"2023-12-18 20:10:00",2,
"2023-12-18 20:20:00",1,
"2023-12-18 20:30:00",,
"2023-12-18 20:40:00",2,
"2023-12-18 20:50:00",2,
"2023-12-18 21:00:00",1,2
"2023-12-18 21:10:00",3,
"2023-12-18 21:20:00",1,
"2023-12-18 21:30:00",1,
"2023-12-18 21:40:00",2,
"2023-12-18 21:50:00",1,
"2023-12-18 22:00:00",1,2
"2023-12-18 22:10:00",2,
"2023-12-18 22:20:00",1,
"2023-12-18 22:30:00",,
"2023-12-18 22:40:00",,
"2023-12-18 22:50:00",,
"2023-12-18 23:00:00",,2
"2023-12-18 23:10:00",1,
"2023-12-18 23:20:00",1,
"2023-12-18 23:30:00",1,
"2023-12-18 23:40:00",,
"2023-12-18 23:50:00",1,
"2023-12-19 00:00:00",,2
"2023-12-19 00:10:00",,
"2023-12-19 00:20:00",1,
"2023-12-19 00:30:00",,
"2023-12-19 00:40:00",,
"2023-12-19 00:50:00",,
"2023-12-19 01:00:00",1,2
"2023-12-19 01:10:00",,
"2023-12-19 01:20:00",3,
"2023-12-19 01:30:00",1,
"2023-12-19 01:40:00",,
"2023-12-19 01:50:00",,
"2023-12-19 02:00:00",,2
"2023-12-19 02:10:00",1,
"2023-12-19 02:20:00",,
"2023-12-19 02:30:00",,
"2023-12-19 02:40:00",1,
"2023-12-19 02:50:00",1,
"2023-12-19 03:00:00",1,2
"2023-12-19 03:10:00",1,
"2023-12-19 03:20:00",1,
"2023-12-19 03:30:00",1,
"2023-12-19 03:40:00",2,
"2023-12-19 03:50:00",1,
"2023-12-19 04:00:00",1,2
"2023-12-19 04:10:00",1,
"2023-12-19 04:20:00",1,
"2023-12-19 04:30:00",2,
"2023-12-19 04:40:00",2,
"2023-12-19 04:50:00",2,
"2023-12-19 05:00:00",3,2
"2023-12-19 05:10:00",3,
"2023-12-19 05:20:00",2,
"2023-12-19 05:30:00",1,
"2023-12-19 05:40:00",1,
"2023-12-19 05:50:00",1,
"2023-12-19 06:00:00",1,2
"2023-12-19 06:10:00",3,
"2023-12-19 06:20:00",4,
"2023-12-19 06:30:00",1,
"2023-12-19 06:40:00",2,
"2023-12-19 06:50:00",1,
"2023-12-19 07:00:00",1,2
"2023-12-19 07:10:00",1,
"2023-12-19 07:20:00",1,
"2023-12-19 07:30:00",1,
"2023-12-19 07:40:00",1,
"2023-12-19 07:50:00",1,
"2023-12-19 08:00:00",1,2
"2023-12-19 08:10:00",1,
"2023-12-19 08:20:00",1,
"2023-12-19 08:30:00",1,
"2023-12-19 08:40:00",2,
"2023-12-19 08:50:00",1,
"2023-12-19 09:00:00",2,2
"2023-12-19 09:10:00",1,
"2023-12-19 09:20:00",1,
"2023-12-19 09:30:00",,
"2023-12-19 09:40:00",,
"2023-12-19 09:50:00",,
"2023-12-19 10:00:00",1,2
"2023-12-19 10:10:00",1,
"2023-12-19 10:20:00",1,
"2023-12-19 10:30:00",2,
"2023-12-19 10:40:00",2,
"2023-12-19 10:50:00",2,
"2023-12-19 11:00:00",2,2
"2023-12-19 11:10:00",2,
"2023-12-19 11:20:00",2,
"2023-12-19 11:30:00",2,
"2023-12-19 11:40:00",2,
"2023-12-19 11:50:00",2,
"2023-12-19 12:00:00",3,2
"2023-12-19 12:10:00",2,
"2023-12-19 12:20:00",1,
"2023-12-19 12:30:00",1,
"2023-12-19 12:40:00",2,
"2023-12-19 12:50:00",,
"2023-12-19 13:00:00",,2
"2023-12-19 13:10:00",,
"2023-12-19 13:20:00",,
"2023-12-19 13:30:00",,
"2023-12-19 13:40:00",1,
"2023-12-19 13:50:00",,
"2023-12-19 14:00:00",1,2
"2023-12-19 14:10:00",2,
"2023-12-19 14:20:00",1,
"2023-12-19 14:30:00",,
"2023-12-19 14:40:00",,
"2023-12-19 14:50:00",,
"2023-12-19 15:00:00",,2
"2023-12-19 15:10:00",1,
"2023-12-19 15:20:00",2,
"2023-12-19 15:30:00",3,
"2023-12-19 15:40:00",3,
"2023-12-19 15:50:00",4,
"2023-12-19 16:00:00",2,2
"2023-12-19 16:10:00",3,
"2023-12-19 16:20:00",1,
"2023-12-19 16:30:00",1,
"2023-12-19 16:40:00",1,
"2023-12-19 16:50:00",2,
"2023-12-19 17:00:00",1,2
"2023-12-19 17:10:00",2,
"2023-12-19 17:20:00",1,
"2023-12-19 17:30:00",,
"2023-12-19 17:40:00",,
"2023-12-19 17:50:00",2,
"2023-12-19 18:00:00",1,2
"2023-12-19 18:10:00",2,
"2023-12-19 18:20:00",2,
"2023-12-19 18:30:00",1,
"2023-12-19 18:40:00",3,
"2023-12-19 18:50:00",,
"2023-12-19 19:00:00",,2
"2023-12-19 19:10:00",,
"2023-12-19 19:20:00",1,
"2023-12-19 19:30:00",1,
"2023-12-19 19:40:00",,
"2023-12-19 19:50:00",1,
"2023-12-19 20:00:00",1,2
"2023-12-19 20:10:00",1,
"2023-12-19 20:20:00",,
"2023-12-19 20:30:00",,
"2023-12-19 20:40:00",1,
"2023-12-19 20:50:00",2,
"2023-12-19 21:00:00",2,2
"2023-12-19 21:10:00",1,
"2023-12-19 21:20:00",1,
"2023-12-19 21:30:00",1,
"2023-12-19 21:40:00",,
"2023-12-19 21:50:00",,
"2023-12-19 22:00:00",2,2
"2023-12-19 22:10:00",1,
"2023-12-19 22:20:00",1,
"2023-12-19 22:30:00",2,
"2023-12-19 22:40:00",,
"2023-12-19 22:50:00",1,
"2023-12-19 23:00:00",,2
"2023-12-19 23:10:00",1,
"2023-12-19 23:20:00",,
"2023-12-19 23:30:00",,
"2023-12-19 23:40:00",,
"2023-12-19 23:50:00",,
"2023-12-20 00:00:00",1,2
"2023-12-20 00:10:00",,
"2023-12-20 00:20:00",2,
"2023-12-20 00:30:00",1,
"2023-12-20 00:40:00",,
"2023-12-20 00:50:00",,
"2023-12-20 01:00:00",1,2
"2023-12-20 01:10:00",1,
"2023-12-20 01:20:00",,
"2023-12-20 01:30:00",,
"2023-12-20 01:40:00",,
"2023-12-20 01:50:00",2,
"2023-12-20 02:00:00",3,2
"2023-12-20 02:10:00",1,
"2023-12-20 02:20:00",1,
"2023-12-20 02:30:00",2,
"2023-12-20 02:40:00",1,
"2023-12-20 02:50:00",1,
"2023-12-20 03:00:00",1,2
"2023-12-20 03:10:00",1,
"2023-12-20 03:20:00",2,
"2023-12-20 03:30:00",1,
"2023-12-20 03:40:00",1,
"2023-12-20 03:50:00",1,
"2023-12-20 04:00:00",,2
"2023-12-20 04:10:00",,
"2023-12-20 04:20:00",,
"2023-12-20 04:30:00",,
"2023-12-20 04:40:00",,
"2023-12-20 04:50:00",1,
"2023-12-20 05:00:00",1,2
"2023-12-20 05:10:00",1,
"2023-12-20 05:20:00",1,
"2023-12-20 05:30:00",1,
"2023-12-20 05:40:00",1,
"2023-12-20 05:50:00",1,
"2023-12-20 06:00:00",2,2
"2023-12-20 06:10:00",2,
"2023-12-20 06:20:00",2,
"2023-12-20 06:30:00",2,
"2023-12-20 06:40:00",2,
"2023-12-20 06:50:00",1,
"2023-12-20 07:00:00",1,2
"2023-12-20 07:10:00",1,
"2023-12-20 07:20:00",,
"2023-12-20 07:30:00",3,
"2023-12-20 07:40:00",2,
"2023-12-20 07:50:00",1,
"2023-12-20 08:00:00",2,2
"2023-12-20 08:10:00",1,
"2023-12-20 08:20:00",,
"2023-12-20 08:30:00",1,
"2023-12-20 08:40:00",,
"2023-12-20 08:50:00",1,
"2023-12-20 09:00:00",,2
"2023-12-20 09:10:00",,
"2023-12-20 09:20:00",,
"2023-12-20 09:30:00",,
"2023-12-20 09:40:00",1,
"2023-12-20 09:50:00",1,
"2023-12-20 10:00:00",,2
"2023-12-20 10:10:00",1,
"2023-12-20 10:20:00",1,
"2023-12-20 10:30:00",1,
"2023-12-20 10:40:00",,
"2023-12-20 10:50:00",,
"2023-12-20 11:00:00",1,2
"2023-12-20 11:10:00",,
"2023-12-20 11:20:00",,
"2023-12-20 11:30:00",2,
"2023-12-20 11:40:00",1,
"2023-12-20 11:50:00",,
"2023-12-20 12:00:00",1,2
"2023-12-20 12:10:00",,
"2023-12-20 12:20:00",,
"2023-12-20 12:30:00",3,
"2023-12-20 12:40:00",1,
"2023-12-20 12:50:00",2,
"2023-12-20 13:00:00",,2
"2023-12-20 13:10:00",,
"2023-12-20 13:20:00",2,
"2023-12-20 13:30:00",,
"2023-12-20 13:40:00",3,
"2023-12-20 13:50:00",3,
"2023-12-20 14:00:00",,2
"2023-12-20 14:10:00",,
"2023-12-20 14:20:00",,
"2023-12-20 14:30:00",,
"2023-12-20 14:40:00",1,
"2023-12-20 14:50:00",2,
"2023-12-20 15:00:00",,2
"2023-12-20 15:10:00",1,
"2023-12-20 15:20:00",2,
"2023-12-20 15:30:00",1,
"2023-12-20 15:40:00",2,
"2023-12-20 15:50:00",1,
"2023-12-20 16:00:00",1,2
"2023-12-20 16:10:00",2,
"2023-12-20 16:20:00",2,
"2023-12-20 16:30:00",1,
"2023-12-20 16:40:00",2,
"2023-12-20 16:50:00",1,
"2023-12-20 17:00:00",2,2
"2023-12-20 17:10:00",2,
"2023-12-20 17:20:00",,
"2023-12-20 17:30:00",1,
"2023-12-20 17:40:00",1,
"2023-12-20 17:50:00",,
"2023-12-20 18:00:00",2,2
"2023-12-20 18:10:00",1,
"2023-12-20 18:20:00",,
"2023-12-20 18:30:00",,
"2023-12-20 18:40:00",2,
"2023-12-20 18:50:00",2,
"2023-12-20 19:00:00",1,2
"2023-12-20 19:10:00",,
"2023-12-20 19:20:00",,
"2023-12-20 19:30:00",,
"2023-12-20 19:40:00",2,
"2023-12-20 19:50:00",1,
"2023-12-20 20:00:00",1,2
"2023-12-20 20:10:00",1,
"2023-12-20 20:20:00",,
"2023-12-20 20:30:00",1,
"2023-12-20 20:40:00",1,
"2023-12-20 20:50:00",,
"2023-12-20 21:00:00",3,2
"2023-12-20 21:10:00",2,
"2023-12-20 21:20:00",2,
"2023-12-20 21:30:00",,
"2023-12-20 21:40:00",1,
"2023-12-20 21:50:00",1,
"2023-12-20 22:00:00",1,2
"2023-12-20 22:10:00",2,
"2023-12-20 22:20:00",1,
"2023-12-20 22:30:00",,
"2023-12-20 22:40:00",,
"2023-12-20 22:50:00",,
"2023-12-20 23:00:00",2,2
"2023-12-20 23:10:00",2,
"2023-12-20 23:20:00",2,
"2023-12-20 23:30:00",2,
"2023-12-20 23:40:00",2,
"2023-12-20 23:50:00",3,
"2023-12-21 00:00:00",1,2
"2023-12-21 00:10:00",1,
"2023-12-21 00:20:00",2,
"2023-12-21 00:30:00",1,
"2023-12-21 00:40:00",,
"2023-12-21 00:50:00",,
"2023-12-21 01:00:00",1,2
"2023-12-21 01:10:00",1,
"2023-12-21 01:20:00",1,
"2023-12-21 01:30:00",2,
"2023-12-21 01:40:00",3,
"2023-12-21 01:50:00",,
"2023-12-21 02:00:00",,2
"2023-12-21 02:10:00",,
"2023-12-21 02:20:00",1,
"2023-12-21 02:30:00",,
"2023-12-21 02:40:00",1,
"2023-12-21 02:50:00",,
"2023-12-21 03:00:00",,2
"2023-12-21 03:10:00",,
"2023-12-21 03:20:00",,
"2023-12-21 03:30:00",1,
"2023-12-21 03:40:00",,
"2023-12-21 03:50:00",,
"2023-12-21 04:00:00",,2
"2023-12-21 04:10:00",,
"2023-12-21 04:20:00",1,
"2023-12-21 04:30:00",1,
"2023-12-21 04:40:00",,
"2023-12-21 04:50:00",,
"2023-12-21 05:00:00",,2
"2023-12-21 05:10:00",,
"2023-12-21 05:20:00",1,
"2023-12-21 05:30:00",,
"2023-12-21 05:40:00",,
"2023-12-21 05:50:00",1,
"2023-12-21 06:00:00",,2
"2023-12-21 06:10:00",1,
"2023-12-21 06:20:00",,
"2023-12-21 06:30:00",,
"2023-12-21 06:40:00",,
"2023-12-21 06:50:00",,
"2023-12-21 07:00:00",,2
"2023-12-21 07:10:00",,
"2023-12-21 07:20:00",,
"2023-12-21 07:30:00",,
"2023-12-21 07:40:00",,
"2023-12-21 07:50:00",,
"2023-12-21 08:00:00",1,2
"2023-12-21 08:10:00",,
"2023-12-21 08:20:00",1,
"2023-12-21 08:30:00",1,
"2023-12-21 08:40:00",,
"2023-12-21 08:50:00",,
"2023-12-21 09:00:00",,
"2023-12-21 09:10:00",,
"2023-12-21 09:20:00",,
"2023-12-21 09:30:00",,